Date,Day,P_from_grid,P_to_grid,P_prosumer,P_dc,P_ch,D. Cycle,D. Earning for Discharge to Grid,D. Earning for PV Feed-in to Grid,D. Opportunity Cost for Not PV Feed-in to Grid ,D. Saving for Avoided Grid Import Cost,D. Cost for Covering Load from Grid,D. Cost for Charging Battery from Grid,D. Total Earnings,D. Energy Cost,D. Net Bill,D. Optimization Profit,Self_Consumption (%),Self_Sufficiency (%)
01.01.2024,1,6.600292103,17.458360776999996,[],0.0,0.0,0,0.0,0.0,0.0,0.0,1.5345865475054103,0.0,0.0,1.5345865475054103,1.2163357278332791,-1.8528373671775415,17.178216728256885,35.426494047422224
02.01.2024,2,8.338453925000001,0.0,[],0.0,0.0,0,0.0,0.0,0.0,0.0,2.18206519045215,0.0,0.0,2.18206519045215,1.863814370780019,-2.500316010124281,100.0,18.54536372848811
03.01.2024,3,6.673424329,14.475449011,[],0.0,0.0,0,0.0,0.8335428458647811,0.0,0.0,1.7336913755071184,0.0,0.8335428458647811,1.7336913755071184,0.5818977099702063,-1.2183993493144685,19.81870021719679,34.90214186739154
04.01.2024,4,6.686913101000001,12.238251647,[],0.0,0.0,0,0.0,1.1896917349656941,0.0,0.0,2.078739885899735,0.0,1.1896917349656941,2.078739885899735,0.5707973312619103,-1.2072989706061727,22.621297532028617,34.85530167433611
05.01.2024,5,6.83630368,6.032075096,[],0.0,0.0,0,0.0,0.6183490700942523,0.0,0.0,2.099305052719745,0.0,0.6183490700942523,2.099305052719745,1.1627051629533616,-1.799206802297624,36.321625704939116,33.47925621036914
06.01.2024,6,10.183736064000001,0.0,[],0.0,0.0,0,0.0,0.0,0.0,0.0,3.0932075418754224,0.0,0.0,3.0932075418754224,2.7749567222032914,-3.4114583615475533,100.0,12.350816327954911
07.01.2024,7,8.213111459999999,0.0,[],0.0,0.0,0,0.0,0.0,0.0,0.0,2.476144021657064,0.0,0.0,2.476144021657064,2.157893201984933,-2.794394841329195,100.0,24.095310943069865
08.01.2024,8,6.705406063999999,9.710914618,[],0.0,0.0,0,0.0,1.1916057030662126,0.0,0.0,2.1612384215426492,0.0,1.1916057030662126,2.1612384215426492,0.651381898804305,-1.2878835381485674,27.05570768003262,34.94490954247261
09.01.2024,9,6.601794766999999,20.636346467999996,[],0.0,0.0,0,0.0,2.5566532196897147,0.0,0.0,2.191439559565282,0.0,2.5566532196897147,2.191439559565282,-0.6834644797965637,0.046962840452301424,15.25062032276433,35.99995999146074
10.01.2024,10,6.630211852,16.78037893,[],0.0,0.0,0,0.0,2.175138655412839,0.0,0.0,2.212786235168859,0.0,2.175138655412839,2.212786235168859,-0.28060323991611125,-0.35589839942815105,18.034431322070816,35.76811332832248
11.01.2024,11,6.609237925999999,15.001451446999999,[],0.0,0.0,0,0.0,1.8334884322177392,0.0,0.0,2.1930097913453155,0.0,1.8334884322177392,2.1930097913453155,0.041270539455445066,-0.6777721787997073,19.86629399462121,36.00854160737932
12.01.2024,12,6.6248873139999995,18.128274382999997,[],0.0,0.0,0,0.0,2.3947068339766746,0.0,0.0,2.125581712764718,0.0,2.3947068339766746,2.125581712764718,-0.5873759408840888,-0.04912569846017345,16.982613672371834,35.888186127790206
13.01.2024,13,7.196254966999999,13.377681763000002,[],0.0,0.0,0,0.0,1.0170110951020779,0.0,0.0,2.023630041023375,0.0,1.0170110951020779,2.023630041023375,0.6883681262491657,-1.324869765593428,25.079399619449845,38.358597316641415
14.01.2024,14,6.044044595,19.373506328,[],0.0,0.0,0,0.0,1.6485694309999117,0.0,0.0,1.7443416947770718,0.0,1.6485694309999117,1.7443416947770718,-0.22247855589497081,-0.4140230834492915,19.924852921947767,44.369862423216226
15.01.2024,15,6.826268639,9.270419131,[],0.0,0.0,0,0.0,0.9300163762556432,0.0,0.0,2.0735925488000544,0.0,0.9300163762556432,2.0735925488000544,0.8253253528722806,-1.461826992216543,27.499947971247114,33.99868587911162
16.01.2024,16,6.578974505,11.353853580000001,[],0.0,0.0,0,0.0,1.5174304896493047,0.0,0.0,2.062621278742599,0.0,1.5174304896493047,2.062621278742599,0.22693996942116296,-0.8634416087654253,24.90205775211481,36.39722903611963
17.01.2024,17,7.3572062979999995,0.3518300419999999,[],0.0,0.0,0,0.0,0.04647268552155538,0.0,0.0,2.330839955698549,0.0,0.04647268552155538,2.330839955698549,1.9661164505048625,-2.6026180898491247,89.46232870087817,28.875748299243416
18.01.2024,18,6.764291438999999,3.113874186,[],0.0,0.0,0,0.0,0.39199960370684395,0.0,0.0,2.040503473001033,0.0,0.39199960370684395,2.040503473001033,1.3302530496220581,-1.9667546889663206,53.47673988451933,34.603917424240855
19.01.2024,19,6.537883358,10.274177263,[],0.0,0.0,0,0.0,0.9968339705116045,0.0,0.0,1.871280702177463,0.0,0.9968339705116045,1.871280702177463,0.5561959119937272,-1.1926975513379896,27.02167817699957,36.78380669866327
20.01.2024,20,6.98776242,21.998476467000003,[],0.0,0.0,0,0.0,1.664109898208679,0.0,0.0,2.0308290164640006,0.0,1.664109898208679,2.0308290164640006,0.04846829858319024,-0.6849699379274525,17.571000124224913,40.15827385861841
21.01.2024,21,5.959655629,15.013920694999998,[],0.0,0.0,0,0.0,0.7180906208903595,0.0,0.0,1.5352382306205663,0.0,0.7180906208903595,1.5352382306205663,0.49889679005807536,-1.1353984294023376,24.60943930658233,45.12585619229505
22.01.2024,22,6.833530415,4.275838558,[],0.0,0.0,0,0.0,0.2799801699667584,0.0,0.0,1.7788220917851596,0.0,0.2799801699667584,1.7788220917851596,1.18059110214627,-1.8170927414905325,45.004164072529875,33.86393442369589
23.01.2024,23,6.632036492999999,8.687918031,[],0.0,0.0,0,0.0,0.5380750019900287,0.0,0.0,1.7485132834197326,0.0,0.5380750019900287,1.7485132834197326,0.8921874617575725,-1.5286891011018349,29.843085249087714,35.78381003608159
24.01.2024,24,6.622845570999999,3.044515639,[],0.0,0.0,0,0.0,0.1365465018802872,0.0,0.0,1.5765249393581435,0.0,0.1365465018802872,1.5765249393581435,1.1217276178057252,-1.7582292571499876,54.85370140757052,35.83754980365694
25.01.2024,25,6.796318769000001,3.9427025,[],0.0,0.0,0,0.0,0.3318143536907413,0.0,0.0,2.0161202462661185,0.0,0.3318143536907413,2.0161202462661185,1.366055072903246,-2.0025567122475083,47.162265718476355,34.115616748394395
26.01.2024,26,7.421147683000001,3.8965478420000004,[],0.0,0.0,0,0.0,0.2387460879724427,0.0,0.0,1.9651890532086507,0.0,0.2387460879724427,1.9651890532086507,1.408192145564077,-2.0446937849083393,42.559848594944505,28.007794695215594
27.01.2024,27,6.766259221,21.906564645000003,[],0.0,0.0,0,0.0,1.3937752057688486,0.0,0.0,1.9521040753672998,0.0,1.3937752057688486,1.9521040753672998,0.2400780499263197,-0.8765796892705819,18.175863669910363,41.832827820884525
28.01.2024,28,5.7743582909999995,23.414048153,[],0.0,0.0,0,0.0,1.1359476577925431,0.0,0.0,1.5691171286640897,0.0,1.1359476577925431,1.5691171286640897,0.11491865119941547,-0.7514202905436778,17.70938083580453,46.59892091031929
29.01.2024,29,6.051720132999999,23.748040358999997,[],0.0,0.0,0,0.0,2.018195177436361,0.0,0.0,1.8292316642508648,0.0,2.018195177436361,1.8292316642508648,-0.507214332857628,-0.12928730648663433,15.119615856807785,41.14213741306941
30.01.2024,30,6.0644918599999995,22.530728902,[],0.0,0.0,0,0.0,1.8338677677690187,0.0,0.0,1.7682324599521455,0.0,1.8338677677690187,1.7682324599521455,-0.38388612748900436,-0.25261551185525793,15.73486476422942,40.95901541472755
31.01.2024,31,6.21057801,14.486931885,[],0.0,0.0,0,0.0,1.26209266039879,0.0,0.0,1.7407762255892065,0.0,1.26209266039879,1.7407762255892065,0.16043274551828512,-0.7969343848625474,21.84874680476072,39.47211959810268
01.02.2024,32,8.135034315000002,0.0,[],0.0,0.0,0,0.0,0.0,0.0,0.0,2.3314147567758403,0.0,0.0,2.3314147567758403,2.0131639371037093,-2.6496655764479713,100.0,20.626161773736193
02.02.2024,33,6.670056934,1.1573624720000004,[],0.0,0.0,0,0.0,0.0872911001839359,0.0,0.0,1.7575543133570262,0.0,0.0872911001839359,1.7575543133570262,1.352012393500959,-1.9885140328452213,75.5001149647918,34.84137744384429
03.02.2024,34,6.6975555159999995,17.194613141999998,[],0.0,0.0,0,0.0,0.5734377557958491,0.0,0.0,1.6764416797482682,0.0,0.5734377557958491,1.6764416797482682,0.7847531042802878,-1.4212547436245502,21.994943363200445,41.99186038922437
04.02.2024,35,6.000965073000001,1.5304837269999996,[],0.0,0.0,0,0.0,0.0045276393652152,0.0,0.0,1.3337971045963462,0.0,0.0045276393652152,1.3337971045963462,1.0110186455589996,-1.647520284903262,75.5397127158976,44.05996377943513
05.02.2024,36,5.941510448,20.956208298000004,[],0.0,0.0,0,0.0,0.6212569489934846,0.0,0.0,1.4973760706696917,0.0,0.6212569489934846,1.4973760706696917,0.557868302004076,-1.1943699413483384,16.874213205152156,41.72441444349798
06.02.2024,37,5.795135684,22.01538456,[],0.0,0.0,0,0.0,1.1515160849903483,0.0,0.0,1.4729332194490665,0.0,1.1515160849903483,1.4729332194490665,0.003166314786587354,-0.6396679541308496,16.610905367649416,43.07638135719625
07.02.2024,38,5.937448995,11.104014265,[],0.0,0.0,0,0.0,0.9644124987512437,0.0,0.0,1.7970309556942132,0.0,0.9644124987512437,1.7970309556942132,0.5143676372708381,-1.1508692766151005,27.57383504078711,41.5888862431146
08.02.2024,39,6.126236403000001,3.6291096100000004,[],0.0,0.0,0,0.0,0.4374559916967535,0.0,0.0,1.8034936750736175,0.0,0.4374559916967535,1.8034936750736175,1.0477868637047325,-1.684288503048995,52.57042975467583,39.63527622412287
09.02.2024,40,5.987431664000001,13.705750814999998,[],0.0,0.0,0,0.0,0.9890402843342009,0.0,0.0,1.713596188433053,0.0,0.9890402843342009,1.713596188433053,0.40630508442672103,-1.0428067237709833,23.217926845903154,40.90501148063016
10.02.2024,41,6.556336382,11.225593141,[],0.0,0.0,0,0.0,0.8507022385987376,0.0,0.0,1.862258451414924,0.0,0.8507022385987376,1.862258451414924,0.6933053931440554,-1.3298070324883178,30.240701354481214,42.60225875717089
11.02.2024,42,6.213684609000001,0.565241706,[],0.0,0.0,0,0.0,0.0370286927788423,0.0,0.0,1.7042227572974853,0.0,0.0370286927788423,1.7042227572974853,1.3489432448465117,-1.9854448841907741,88.60374587701973,41.426381753901005
12.02.2024,43,5.453834503,18.289537037999995,[],0.0,0.0,0,0.0,1.6054470956569455,0.0,0.0,1.5587317907003477,0.0,1.6054470956569455,1.5587317907003477,-0.3649661246287287,-0.2715355147155336,20.18057420894646,45.883433648962466
13.02.2024,44,5.721384471000001,18.299021334,[],0.0,0.0,0,0.0,1.3970897939530087,0.0,0.0,1.6429498317483597,0.0,1.3970897939530087,1.6429498317483597,-0.07239078187678025,-0.564110857467482,19.161381513544498,43.120875429306444
14.02.2024,45,5.437668603999999,7.950874584999999,[],0.0,0.0,0,0.0,0.5527349381382449,0.0,0.0,1.52530155911365,0.0,0.5527349381382449,1.52530155911365,0.6543158013032739,-1.2908174406475363,36.65866781257626,45.83575252456343
15.02.2024,46,5.639701763000001,23.455227986,[],0.0,0.0,0,0.0,1.8218060438125516,0.0,0.0,1.572900056087152,0.0,1.8218060438125516,1.572900056087152,-0.567156807397531,-0.06934483194673119,15.733549144728572,43.71033770433715
16.02.2024,47,5.608642554,26.521944428,[],0.0,0.0,0,0.0,1.5545745556472492,0.0,0.0,1.536090925727858,0.0,1.5545745556472492,1.536090925727858,-0.3367344495915225,-0.2997671897527398,14.200990688874013,43.90466758702413
17.02.2024,48,7.300632784999999,3.716398877,[],0.0,0.0,0,0.0,0.2191654098037289,0.0,0.0,2.0814044748270195,0.0,0.2191654098037289,2.0814044748270195,1.5439882453511593,-2.1804898846954215,51.63109078697279,35.207309433746424
18.02.2024,49,5.353405991000001,23.719937284999997,[],0.0,0.0,0,0.0,0.9542139506499014,0.0,0.0,1.4360058646685159,0.0,0.9542139506499014,1.4360058646685159,0.1635410943464834,-0.8000427336907456,17.71581971059831,48.821770114126814
19.02.2024,50,5.906957056,7.205393472999999,[],0.0,0.0,0,0.0,0.4838491004664984,0.0,0.0,1.6363279408629516,0.0,0.4838491004664984,1.6363279408629516,0.834228020724322,-1.4707296600685844,35.84900508403051,40.53493590328753
20.02.2024,51,5.810447197000001,17.571339178000002,[],0.0,0.0,0,0.0,1.1379785684621153,0.0,0.0,1.5772036828170284,0.0,1.1379785684621153,1.5772036828170284,0.12097429468278198,-0.7574759340270443,18.92073166350382,41.373227146689636
21.02.2024,52,5.460511717,27.702935344,[],0.0,0.0,0,0.0,1.8286578830694777,0.0,0.0,1.4173320419217788,0.0,1.8286578830694777,1.4173320419217788,-0.7295766608198302,0.09307502147556784,13.779416210986712,44.77570796275222
22.02.2024,53,6.293110918,4.233989684,[],0.0,0.0,0,0.0,0.306066567498352,0.0,0.0,1.560697783568368,0.0,0.306066567498352,1.560697783568368,0.9363803963978847,-1.5728820357421471,45.75486612962743,36.20388331859057
23.02.2024,54,5.961464915,3.231994589,[],0.0,0.0,0,0.0,0.131292752771433,0.0,0.0,1.5721647636822826,0.0,0.131292752771433,1.5721647636822826,1.1226211912387185,-1.759122830582981,54.54964853504999,39.41917478444799
24.02.2024,55,5.892571233999999,23.606188489999997,[],0.0,0.0,0,0.0,1.121186978580855,0.0,0.0,1.601037253637016,0.0,1.121186978580855,1.601037253637016,0.1615994553840297,-0.798101094728292,18.03240660146901,46.845769193323136
25.02.2024,56,5.042571514,30.610438545999997,[],0.0,0.0,0,0.0,1.689403800369857,0.0,0.0,1.3982800011221481,0.0,1.689403800369857,1.3982800011221481,-0.6093746189198399,-0.027127020424422443,14.62891352031343,50.98530686682704
26.02.2024,57,5.348656072,18.144466561,[],0.0,0.0,0,0.0,1.2547037600788118,0.0,0.0,1.4822509331904747,0.0,1.2547037600788118,1.4822509331904747,-0.09070364656046837,-0.5457979927837939,19.58021574344391,45.23400737079519
27.02.2024,58,5.380450161000001,10.016532954,[],0.0,0.0,0,0.0,0.716825528074216,0.0,0.0,1.5698465375140174,0.0,0.716825528074216,1.5698465375140174,0.5347701897676707,-1.1712718291119328,30.329355535572734,44.76431310278963
28.02.2024,59,5.749585106,2.7778170740000006,[],0.0,0.0,0,0.0,0.21268721112800293,0.0,0.0,1.6133580132210037,0.0,0.21268721112800293,1.6133580132210037,1.0824199824208696,-1.718921621765132,58.80608465049681,40.81767988752013
29.02.2024,60,5.149334842,24.000699552,[],0.0,0.0,0,0.0,1.4427646964264624,0.0,0.0,1.42446092981349,0.0,1.4427646964264624,1.42446092981349,-0.3365545862851035,-0.2999470530591588,15.905603073959778,46.85283933381236
01.03.2024,61,5.336255835,13.957870060000001,[],0.0,0.0,0,0.0,1.0497896822163417,0.0,0.0,1.5194819978130674,0.0,1.0497896822163417,1.5194819978130674,0.1514414959245945,-0.7879431352688568,23.66022791848746,44.772193251503886
02.03.2024,62,5.704293016000001,19.083493289000003,[],0.0,0.0,0,0.0,1.1451760408162226,0.0,0.0,1.6063017564898565,0.0,1.1451760408162226,1.6063017564898565,0.14287489600150266,-0.7793765353457649,21.34012709655322,47.578414402104556
03.03.2024,63,4.8254970010000005,33.176110308000005,[],0.0,0.0,0,0.0,1.6599157211012436,0.0,0.0,1.3548777884116816,0.0,1.6599157211012436,1.3548777884116816,-0.6232887523616935,-0.013212886982568839,13.7069182717303,52.20026740160757
04.03.2024,64,5.051322077999999,10.485899262,[],0.0,0.0,0,0.0,0.9096097853612201,0.0,0.0,1.4665331808661943,0.0,0.9096097853612201,1.4665331808661943,0.2386725758328429,-0.8751742151771051,30.164709892253892,47.27556720854078
05.03.2024,65,5.02798817,12.364603565000001,[],0.0,0.0,0,0.0,0.8965177613176532,0.0,0.0,1.4813703301783963,0.0,0.8965177613176532,1.4813703301783963,0.26660174918861207,-0.9031033885328743,26.79069172164505,47.36618590087656
06.03.2024,66,6.09148047,0.934052238,[],0.0,0.0,0,0.0,0.0694563501339498,0.0,0.0,1.8503883456968975,0.0,0.0694563501339498,1.8503883456968975,1.4626811758908165,-2.099182815235079,78.61217100983902,36.04504617334641
07.03.2024,67,4.9694427679999995,16.405487634,[],0.0,0.0,0,0.0,1.215517070419707,0.0,0.0,1.4472999233588622,0.0,1.215517070419707,1.4472999233588622,-0.08646796673297585,-0.5500336726112864,21.625877681049012,47.669315618394776
08.03.2024,68,4.665849844999999,34.66882454300001,[],0.0,0.0,0,0.0,1.5938433615443859,0.0,0.0,1.2999600002243665,0.0,1.5938433615443859,1.2999600002243665,-0.6121341809921503,-0.024367458352111904,12.16528006382319,50.717450621440506
09.03.2024,69,5.37657511,35.539052445,[],0.0,0.0,0,0.0,0.7669090517750081,0.0,0.0,1.4579563285087138,0.0,0.7669090517750081,1.4579563285087138,0.37279645706157455,-1.009298096405837,12.941090624479868,49.5600899978284
10.03.2024,70,4.987152448999999,17.415263503000002,[],0.0,0.0,0,0.0,0.07687956745989019,0.0,0.0,1.280193944830452,0.0,0.07687956745989019,1.280193944830452,0.8850635576984303,-1.5215651970426927,21.955560381286407,49.55561079559248
11.03.2024,71,4.7100634900000005,30.851676221000005,[],0.0,0.0,0,0.0,2.3369690732651978,0.0,0.0,1.367520259346898,0.0,2.3369690732651978,1.367520259346898,-1.2876996335904305,0.6511979942461681,13.146715468121709,49.786034765676376
12.03.2024,72,4.620746429,21.119645080999998,[],0.0,0.0,0,0.0,1.9344346632895426,0.0,0.0,1.426337872826487,0.0,1.9344346632895426,1.426337872826487,-0.8263476101351861,0.18984597079092386,18.29680221620851,50.58198765685018
13.03.2024,73,5.263022309,2.554027655,[],0.0,0.0,0,0.0,0.1809563967117803,0.0,0.0,1.504679001816142,0.0,0.1809563967117803,1.504679001816142,1.0054717854322304,-1.6419734247764928,61.369666943789255,43.532536806952834
14.03.2024,74,4.578529015,22.030184124999998,[],0.0,0.0,0,0.0,1.2736729853165818,0.0,0.0,1.3044551046406772,0.0,1.2736729853165818,1.3044551046406772,-0.2874687003480359,-0.3490329389962264,17.619598151330603,50.71745062417834
15.03.2024,75,4.54239523,24.603441281000002,[],0.0,0.0,0,0.0,1.169816429420251,0.0,0.0,1.2373089563474768,0.0,1.169816429420251,1.2373089563474768,-0.25075829274490513,-0.38574334659935716,16.089717576472122,50.946489732610424
16.03.2024,76,5.25696051,17.334484660999998,[],0.0,0.0,0,0.0,0.6344356901856653,0.0,0.0,1.453715040637894,0.0,0.6344356901856653,1.453715040637894,0.5010285307800975,-1.1375301701243599,22.960797025092162,49.56547851904263
17.03.2024,77,4.579403112,16.103637591,[],0.0,0.0,0,0.0,0.7253927515817912,0.0,0.0,1.3016589553355398,0.0,0.7253927515817912,1.3016589553355398,0.25801538408161745,-0.8945170234258797,24.00196401183447,52.62021454201402
18.03.2024,78,4.851166664,6.956420864999999,[],0.0,0.0,0,0.0,0.5660399979571915,0.0,0.0,1.4954746315355334,0.0,0.5660399979571915,1.4954746315355334,0.6111838139062107,-1.247685453250473,38.293475366166795,47.086696704142085
19.03.2024,79,4.465959183,22.040015683,[],0.0,0.0,0,0.0,1.5650775158501842,0.0,0.0,1.3956932721456394,0.0,1.5650775158501842,1.3956932721456394,-0.48763506337667545,-0.14886657596758684,17.487802996566764,51.123141623408145
20.03.2024,80,4.382148971,37.561690266,[],0.0,0.0,0,0.0,2.907989654385969,0.0,0.0,1.4642712778730318,0.0,2.907989654385969,1.4642712778730318,-1.7619691961850685,1.1254675568408061,11.171397762628525,51.87645489192006
21.03.2024,81,4.486340999,12.254416341,[],0.0,0.0,0,0.0,0.9600596737183751,0.0,0.0,1.362958221385477,0.0,0.9600596737183751,1.362958221385477,0.0846477279949705,-0.7211493673392328,29.326844129631063,53.128069644970175
22.03.2024,82,4.4326960820000005,34.241110469999995,[],0.0,0.0,0,0.0,1.9305650210667942,0.0,0.0,1.3200608215205651,0.0,1.9305650210667942,1.3200608215205651,-0.9287550192183598,0.29225337987409744,12.976100307642588,53.527764282688416
23.03.2024,83,4.892382517000001,8.04693959,[],0.0,0.0,0,0.0,0.1611930901979612,0.0,0.0,1.2734739603353473,0.0,0.1611930901979612,1.2734739603353473,0.7940300504652549,-1.4305316898095173,41.606617238839064,53.95842587502197
24.03.2024,84,4.25704391,29.323633402,[],0.0,0.0,0,0.0,0.004032176653583599,0.0,0.0,1.1100875346576211,0.0,0.004032176653583599,1.1100875346576211,0.7878045383319061,-1.4243061776761685,15.73294659073246,56.256654784644375
25.03.2024,85,4.390540751,37.664192103,[],0.0,0.0,0,0.0,2.9145605204479517,0.0,0.0,1.3874940184340168,0.0,2.9145605204479517,1.3874940184340168,-1.845317321686066,1.2088156823418037,11.818176908465738,53.4817394624962
26.03.2024,86,4.286603021,36.554537797,[],0.0,0.0,0,0.0,1.7034068744010231,0.0,0.0,1.247019997664303,0.0,1.7034068744010231,1.247019997664303,-0.774637696408851,0.1381360570645888,12.281792930122842,54.420904659626515
27.03.2024,87,4.3006427369999995,23.597744603,[],0.0,0.0,0,0.0,1.6431884301802322,0.0,0.0,1.3005433368638881,0.0,1.6431884301802322,1.3005433368638881,-0.6608959129884755,0.02439427364421315,17.686721070704834,54.107431581271136
28.03.2024,88,4.357776099,14.432592986,[],0.0,0.0,0,0.0,0.887280805618697,0.0,0.0,1.1428997451543625,0.0,0.887280805618697,1.1428997451543625,-0.06263188013646565,-0.5738697592077966,25.651949279329845,53.32979682961702
29.03.2024,89,4.232768846000001,36.531591006999996,[],0.0,0.0,0,0.0,0.32424434051496454,0.0,0.0,1.1870775648732885,0.0,0.32424434051496454,1.1870775648732885,0.5445824046861929,-1.181084044030455,12.188768194538293,54.50392134182507
30.03.2024,90,4.707480549,35.987650001999995,[],0.0,0.0,0,0.0,0.8656461187256006,0.0,0.0,1.3261584930641388,0.0,0.8656461187256006,1.3261584930641388,0.1422615546664069,-0.7787631940106692,13.580602841708311,54.57351365961315
31.03.2024,91,4.08809159,27.062352632,[],0.0,0.0,0,0.0,0.7345197043018478,0.0,0.0,1.1528053539460619,0.0,0.7345197043018478,1.1528053539460619,0.10003482997208274,-0.736536469316345,16.63812727084168,56.919588633500005
01.04.2024,92,4.212632541,16.959249809,[],0.0,0.0,0,0.0,0.532138113440617,0.0,0.0,1.0014665954379696,0.0,0.532138113440617,1.0014665954379696,0.15107766232522157,-0.7875793016694839,22.731662472496115,54.21994083832775
02.04.2024,93,4.103610166999999,37.457183341,[],0.0,0.0,0,0.0,0.43972324936870716,0.0,0.0,1.112778001150294,0.0,0.43972324936870716,1.112778001150294,0.35480393210945554,-0.9913055714537178,11.910001817740456,55.23946792498072
03.04.2024,94,4.3639437690000005,17.482267650999997,[],0.0,0.0,0,0.0,1.660824075516514,0.0,0.0,1.2882142171474138,0.0,1.660824075516514,1.2882142171474138,-0.6908606780412312,0.05435903869696895,21.435954077946853,52.22269296540891
04.04.2024,95,4.203530947000001,26.569344762,[],0.0,0.0,0,0.0,1.8013198068276037,0.0,0.0,1.1638666857723459,0.0,1.8013198068276037,1.1638666857723459,-0.9557039407273891,0.3192023013831267,15.561013869022371,53.80693501602153
05.04.2024,96,4.104932179,35.823565783,[],0.0,0.0,0,0.0,0.8153825129254999,0.0,0.0,1.0611601750775264,0.0,0.8153825129254999,1.0611601750775264,-0.07247315752010464,-0.5640284818241577,12.163858560748912,54.72121335533706
06.04.2024,97,4.472611806,41.801508251,[],0.0,0.0,0,0.0,0.6242411215531851,0.0,0.0,1.1337330861825892,0.0,0.6242411215531851,1.1337330861825892,0.19124114495727312,-0.8277427843015355,11.8592596699125,55.70341814675871
07.04.2024,98,3.908221741,42.19334610499999,[],0.0,0.0,0,0.0,0.0,0.0,0.0,1.0719877253993553,0.0,0.0,1.0719877253993553,0.7537369057272241,-1.3902385450714865,11.228164784205024,57.72601287659824
08.04.2024,99,3.932815003,42.51982565,[],0.0,0.0,0,0.0,3.3839648990734363,0.0,0.0,1.192426897636087,0.0,3.3839648990734363,1.192426897636087,-2.5097888211094803,1.8732871817652181,10.580482996604118,56.126242108545114
09.04.2024,100,4.538923262,22.741458656,[],0.0,0.0,0,0.0,1.035684719392038,0.0,0.0,1.2186982697813924,0.0,1.035684719392038,1.2186982697813924,-0.13523726928277677,-0.5012643700614855,16.183789489788122,49.17216253378535
10.04.2024,101,4.030642879,19.246442869000003,[],0.0,0.0,0,0.0,1.0288990667165154,0.0,0.0,1.2723483612631417,0.0,1.0288990667165154,1.2723483612631417,-0.07480152512550475,-0.5617001142187575,20.17863703122585,54.69199601118178
11.04.2024,102,4.008160965,38.909774233,[],0.0,0.0,0,0.0,0.5856171353960955,0.0,0.0,1.222223518939666,0.0,0.5856171353960955,1.222223518939666,0.31835556387143965,-0.9548572032157019,11.091530410713276,54.77260921015872
12.04.2024,103,3.9695734089999997,42.637192424000006,[],0.0,0.0,0,0.0,1.0672773712557053,0.0,0.0,1.1857024074489337,0.0,1.0672773712557053,1.1857024074489337,-0.19982578347890273,-0.43667585586535956,10.230053839742162,55.03655804514358
13.04.2024,104,4.428835092,41.41631373,[],0.0,0.0,0,0.0,0.09752467316516358,0.0,0.0,1.053470729209688,0.0,0.09752467316516358,1.053470729209688,0.6376952363723933,-1.2741968757166555,11.540071978742853,54.954045101990815
14.04.2024,105,3.7736326670000007,41.771172764999996,[],0.0,0.0,0,0.0,0.00776264533925,0.0,0.0,1.060872841603386,0.0,0.00776264533925,1.060872841603386,0.7348593765920046,-1.371361015936267,11.123591436710203,58.078331858054646
15.04.2024,106,3.926934866,12.404092110999999,[],0.0,0.0,0,0.0,0.5310519118707879,0.0,0.0,1.0524302115006798,0.0,0.5310519118707879,1.0524302115006798,0.20312747995776076,-0.8396291193020231,27.902623289861467,55.004939851492495
16.04.2024,107,3.734994995,39.160097499,[],0.0,0.0,0,0.0,1.9318980112438935,0.0,0.0,1.086734649418755,0.0,1.9318980112438935,1.086734649418755,-1.1634141814972694,0.5269125421530072,11.240024279152916,57.03935511594079
17.04.2024,108,3.811205472,14.449217591,[],0.0,0.0,0,0.0,1.3434799887415982,0.0,0.0,1.2675934198964713,0.0,1.3434799887415982,1.2675934198964713,-0.3941373885172583,-0.242364250827004,25.128207114876382,55.99375259009811
18.04.2024,109,3.6413949020000005,25.202965543999998,[],0.0,0.0,0,0.0,2.37068063043168,0.0,0.0,1.1393814110984462,0.0,2.37068063043168,1.1393814110984462,-1.549550039005365,0.9130483996611025,16.515747115123975,57.792256956652125
19.04.2024,110,3.9180699569999997,21.704815207000006,[],0.0,0.0,0,0.0,1.2750334383655137,0.0,0.0,1.0491449530123802,0.0,1.2750334383655137,1.0491449530123802,-0.5441393050252648,-0.0923623343189976,17.725225416750725,54.40999078988648
20.04.2024,111,4.073960755,31.227817587000008,[],0.0,0.0,0,0.0,1.008499658765712,0.0,0.0,1.1889938025187015,0.0,1.008499658765712,1.1889938025187015,-0.13775667591914187,-0.4987449634251204,14.967334430111329,57.43271872329893
21.04.2024,112,3.5499951020000005,25.519277842999998,[],0.0,0.0,0,0.0,0.5359321386125047,0.0,0.0,1.0415546576451482,0.0,0.5359321386125047,1.0415546576451482,0.1873716993605124,-0.8238733387047747,16.96085181516,59.48576458561722
22.04.2024,113,3.694431975,20.153862565,[],0.0,0.0,0,0.0,1.8756579139575977,0.0,0.0,1.2388349198598414,0.0,1.8756579139575977,1.2388349198598414,-0.955073813769888,0.31857217442562563,19.238551778271106,56.512433133603764
23.04.2024,114,3.719860478,12.394754428999997,[],0.0,0.0,0,0.0,1.1907622743989332,0.0,0.0,1.1645432885401352,0.0,1.1907622743989332,1.1645432885401352,-0.344469805530929,-0.2920318338133333,27.675184741684124,56.04419919700562
24.04.2024,115,3.5343788050000007,32.737989579,[],0.0,0.0,0,0.0,3.0616994243277853,0.0,0.0,1.1373184778918803,0.0,3.0616994243277853,1.1373184778918803,-2.242631766108036,1.6061301267637735,13.009181935371942,58.07496284110927
25.04.2024,116,3.4378995640000003,40.911052506000004,[],0.0,0.0,0,0.0,3.4629652480991773,0.0,0.0,1.0995499690854853,0.0,3.4629652480991773,1.0995499690854853,-2.6816660986858225,2.0451644593415605,10.812914170661148,59.06237424611782
26.04.2024,117,3.4133583040000004,44.630173463999995,[],0.0,0.0,0,0.0,3.5676798154537392,0.0,0.0,1.0839907505614728,0.0,3.5676798154537392,1.0839907505614728,-2.8019398845643977,2.1654382452201357,9.988125410206498,59.19829438821333
27.04.2024,118,3.6881106,44.345988168999995,[],0.0,0.0,0,0.0,0.9811900807518733,0.0,0.0,1.1060997245462088,0.0,0.9811900807518733,1.1060997245462088,-0.1933411758777956,-0.4431604634664667,11.262484719196088,60.412974658663366
28.04.2024,119,3.273109708,42.025848188,[],0.0,0.0,0,0.0,0.0029698145003746,0.0,0.0,0.8838976139837451,0.0,0.0029698145003746,0.8838976139837451,0.5626769798112394,-1.1991786191555016,11.117740225969705,61.62765812856493
29.04.2024,120,3.3128475990000004,45.18547924999999,[],0.0,0.0,0,0.0,2.358273180883132,0.0,0.0,1.0961486865718553,0.0,2.358273180883132,1.0961486865718553,-1.5803753139834082,0.9438736746391458,9.886587881066676,59.942689169386696
30.04.2024,121,3.321323216,43.487407624,[],0.0,0.0,0,0.0,1.9149073039360933,0.0,0.0,1.003733074139233,0.0,1.9149073039360933,1.003733074139233,-1.2294250494689913,0.5929234101247292,10.159103678050222,59.686948036514195
01.05.2024,122,3.304362051,42.305505272,[],0.0,0.0,0,0.0,0.04515615739605441,0.0,0.0,0.7889807031672801,0.0,0.04515615739605441,0.7889807031672801,0.42557372609909444,-1.0620753654433568,10.386268269751112,59.74015428667988
02.05.2024,123,3.275307343,36.558430279,[],0.0,0.0,0,0.0,0.4988862169723247,0.0,0.0,0.891676272634226,0.0,0.4988862169723247,0.891676272634226,0.07453923598977025,-0.7110408753340325,11.821717731560454,59.94268917394605
03.05.2024,124,3.4746901649999997,9.785413777,[],0.0,0.0,0,0.0,0.726928376785692,0.0,0.0,1.0575608323689112,0.0,0.726928376785692,1.0575608323689112,0.01238163591108804,-0.6488832752553504,32.311116028271364,57.343428819168466
04.05.2024,125,3.5604165810000006,28.545598361,[],0.0,0.0,0,0.0,1.209195623518243,0.0,0.0,1.1348324689753282,0.0,1.209195623518243,1.1348324689753282,-0.392613974215046,-0.24388766512921628,16.183551184629263,60.75418820228305
05.05.2024,126,3.1687512119999997,32.504984694,[],0.0,0.0,0,0.0,0.3739165535347838,0.0,0.0,0.9728735938051406,0.0,0.3739165535347838,0.9728735938051406,0.28070622059822553,-0.9172078599424878,13.64930499652055,61.85333383637436
06.05.2024,127,3.7138430099999993,32.836178104999995,[],0.0,0.0,0,0.0,2.938139260712358,0.0,0.0,1.1818187592398066,0.0,2.938139260712358,1.1818187592398066,-2.0745713211446826,1.4380696818004202,11.675979690470268,53.891745188475504
07.05.2024,128,3.440854859,16.704868917000002,[],0.0,0.0,0,0.0,1.5406097947789075,0.0,0.0,1.112322685149704,0.0,1.5406097947789075,1.112322685149704,-0.7465379293013347,0.11003628995707238,21.531861441909108,57.12177777219589
08.05.2024,129,4.013900962999999,1.368654347,[],0.0,0.0,0,0.0,0.1075804119364913,0.0,0.0,1.274597474524478,0.0,0.1075804119364913,1.274597474524478,0.8487662429158556,-1.485267882260118,74.41677369723183,49.79522381139516
09.05.2024,130,3.1764227860000003,24.518077551,[],0.0,0.0,0,0.0,0.3950193404556278,0.0,0.0,1.0121968191146666,0.0,0.3950193404556278,1.0121968191146666,0.2989266589869078,-0.9354282983311701,16.34142074473089,60.123511988544045
10.05.2024,131,3.141312978,41.172836417999996,[],0.0,0.0,0,0.0,1.2645103347028064,0.0,0.0,1.0455887078712776,0.0,1.2645103347028064,1.0455887078712776,-0.5371724465036599,-0.09932919284060238,10.431583606439895,60.41944905378851
11.05.2024,132,3.422758504,45.757331236,[],0.0,0.0,0,0.0,0.4646418905257895,0.0,0.0,1.0458590301025479,0.0,0.4646418905257895,1.0458590301025479,0.2629663199046271,-0.8994679592488894,10.586007493001926,61.28151502018806
12.05.2024,133,3.037378477,46.227644899999994,[],0.0,0.0,0,0.0,0.0244365292480315,0.0,0.0,0.7767180761880197,0.0,0.0244365292480315,0.7767180761880197,0.434030727267857,-1.0705323666121194,9.862377903997022,62.48001128479406
13.05.2024,134,3.106810004,35.852643481,[],0.0,0.0,0,0.0,0.6391851484534854,0.0,0.0,0.9004591078089988,0.0,0.6391851484534854,0.9004591078089988,-0.056976860316617806,-0.5795247790276445,11.685395832064078,60.42619228835887
14.05.2024,135,3.0633522569999996,46.070404096,[],0.0,0.0,0,0.0,0.3625514450564484,0.0,0.0,0.8016425183514523,0.0,0.3625514450564484,0.8016425183514523,0.12084025362287287,-0.7573418929671352,9.363161327334728,60.83979794552272
15.05.2024,136,3.1974840749999998,27.430867921,[],0.0,0.0,0,0.0,0.6707855737938277,0.0,0.0,0.8843217757245241,0.0,0.6707855737938277,0.8843217757245241,-0.10471461774143498,-0.5317870216028273,15.257984835316703,60.70183513069244
16.05.2024,137,3.202191537,37.053277427000005,[],0.0,0.0,0,0.0,0.6456606681400633,0.0,0.0,0.9172699278161428,0.0,0.6456606681400633,0.9172699278161428,-0.04664155999605163,-0.5898600793482107,11.691445728637428,60.504758929006805
17.05.2024,138,3.2790050250000005,19.407558727999998,[],0.0,0.0,0,0.0,1.1023986832211705,0.0,0.0,0.9638413015442189,0.0,1.1023986832211705,0.9638413015442189,-0.45680820134908284,-0.17969343799517948,19.829895600033733,59.4153472580283
18.05.2024,139,3.527116958,41.44994380800001,[],0.0,0.0,0,0.0,0.6153187086564955,0.0,0.0,1.0939615306081225,0.0,0.6153187086564955,1.0939615306081225,0.16039200227949574,-0.796893641623758,11.053285964451996,59.35585552504378
19.05.2024,140,3.173079898,41.765051772,[],0.0,0.0,0,0.0,0.3383263764419372,0.0,0.0,0.9858036158128828,0.0,0.3383263764419372,0.9858036158128828,0.32922641969881444,-0.9657280590430768,10.624249450811654,61.00796151934597
20.05.2024,141,3.195852294,42.761912844,[],0.0,0.0,0,0.0,0.743203016003803,0.0,0.0,1.0046149944983498,0.0,0.743203016003803,1.0046149944983498,-0.05683884117758442,-0.5796627981666779,10.092833845607647,60.03304108148141
21.05.2024,142,3.4667000459999997,8.99241355,[],0.0,0.0,0,0.0,0.6362509736757351,0.0,0.0,1.0305402453730057,0.0,0.6362509736757351,1.0305402453730057,0.07603845202513942,-0.7125400913694018,33.36425940691251,56.49858942044583
22.05.2024,143,3.12253924,36.75383089900001,[],0.0,0.0,0,0.0,2.768270186009786,0.0,0.0,1.0057759194451288,0.0,2.768270186009786,1.0057759194451288,-2.0807450862367878,1.4442434468925256,11.59361400940685,60.685375309964726
23.05.2024,144,3.29984247,30.236344352,[],0.0,0.0,0,0.0,2.234226807357981,0.0,0.0,1.131422315471595,0.0,2.234226807357981,1.131422315471595,-1.4210553115585163,0.7845536722142539,13.244964622421392,58.31453611297685
24.05.2024,145,3.1421364929999998,34.06873625299999,[],0.0,0.0,0,0.0,3.5331827311918644,0.0,0.0,1.0129056872631579,0.0,3.5331827311918644,1.0129056872631579,-2.8385278636008375,2.2020262242565756,12.231559763956836,60.175779381300785
25.05.2024,146,3.261898307,27.856012917999998,[],0.0,0.0,0,0.0,1.0333029956580668,0.0,0.0,1.07292813529422,0.0,1.0333029956580668,1.07292813529422,-0.27862568003597793,-0.35787595930828436,15.76795277375949,61.51810464182327
26.05.2024,147,2.9582277599999998,40.791805014999994,[],0.0,0.0,0,0.0,0.3400292385945831,0.0,0.0,0.9328882745190396,0.0,0.3400292385945831,0.9328882745190396,0.2746082162523253,-0.9111098555965875,10.903961982286889,62.791960295099116
27.05.2024,148,3.1249471570000003,29.453709253999996,[],0.0,0.0,0,0.0,2.872984197551885,0.0,0.0,1.1193462327468833,0.0,2.872984197551885,1.1193462327468833,-2.071888784477133,1.4353871451328708,13.73378768723041,60.00860166944766
28.05.2024,149,2.955612597,24.808690908,[],0.0,0.0,0,0.0,1.825958101418188,0.0,0.0,0.9460908601274144,0.0,1.825958101418188,0.9460908601274144,-1.1981180609629047,0.5616164216186423,16.30712446229115,62.05624771037901
29.05.2024,150,3.1150070749999994,34.055428832999986,[],0.0,0.0,0,0.0,2.4618796156568505,0.0,0.0,0.9935622767508308,0.0,2.4618796156568505,0.9935622767508308,-1.7865681585781512,1.1500665192338888,12.01435078057412,59.88525021725166
30.05.2024,151,3.1189808469999996,28.809733994,[],0.0,0.0,0,0.0,2.4607513884583954,0.0,0.0,1.0448184463670622,0.0,2.4607513884583954,1.0448184463670622,-1.7341837617634643,1.097682122419202,13.826275617927822,59.71039237547705
31.05.2024,152,3.6353121270000006,2.2387099850000003,[],0.0,0.0,0,0.0,0.20992678683283808,0.0,0.0,1.1162772395769585,0.0,0.20992678683283808,1.1162772395769585,0.588099633071989,-1.2246012724162514,64.58491254094038,52.8979417153832
01.06.2024,153,4.207195260000001,0.557615894,[],0.0,0.0,0,0.0,0.0008339272126138006,0.0,0.0,1.1786910900654621,0.0,0.0008339272126138006,1.1786910900654621,0.859606343180717,-1.4961079825249795,87.99335934390228,49.27305954113827
02.06.2024,154,2.8720238579999995,23.392405597000003,[],0.0,0.0,0,0.0,0.0030336640358235,0.0,0.0,0.8243332234659629,0.0,0.0030336640358235,0.8243332234659629,0.5030487397580083,-1.1395503791022705,17.346322550795634,63.09083627631852
03.06.2024,155,3.050596694,7.964366512,[],0.0,0.0,0,0.0,0.7643727549297548,0.0,0.0,1.1280354784378925,0.0,0.7643727549297548,1.1280354784378925,0.04541190383600674,-0.681913543180269,36.60807804451716,60.122519017237174
04.06.2024,156,2.798942237,31.939431959999997,[],0.0,0.0,0,0.0,2.846406079349224,0.0,0.0,0.9582800455446085,0.0,2.846406079349224,0.9582800455446085,-2.206376853476747,1.5698752141324848,13.133788256732462,63.30720686168145
05.06.2024,157,2.811593778,40.432007316,[],0.0,0.0,0,0.0,2.459632778123021,0.0,0.0,0.9321052550959505,0.0,2.459632778123021,0.9321052550959505,-1.8457783426992014,1.209276703354939,10.60202189438905,63.03729001923557
06.06.2024,158,2.876815166,35.327669586,[],0.0,0.0,0,0.0,1.7183296024265058,0.0,0.0,0.9834057400095998,0.0,1.7183296024265058,0.9834057400095998,-1.0531746820890373,0.41667304274477507,11.761026455702213,62.07481954059544
07.06.2024,159,2.8152878190000004,34.207803352999996,[],0.0,0.0,0,0.0,1.6432005837439507,0.0,0.0,0.9482239731026706,0.0,1.6432005837439507,0.9482239731026706,-1.0132274303134114,0.3767257909691492,12.191686546592013,62.78460526205825
08.06.2024,160,3.306942686,32.559683861,[],0.0,0.0,0,0.0,0.26786194593243223,0.0,0.0,0.9768833063662465,0.0,0.26786194593243223,0.9768833063662465,0.3907705407616831,-1.0272721801059455,12.906121050348721,59.333413367759846
09.06.2024,161,3.02286334,25.637208377,[],0.0,0.0,0,0.0,0.0,0.0,0.0,0.8901784927873844,0.0,0.0,0.8901784927873844,0.5719276731152532,-1.2084293124595156,15.238157780864558,60.39132802127154
10.06.2024,162,2.705812278,25.489529003999998,[],0.0,0.0,0,0.0,2.2329685287352894,0.0,0.0,0.8215070058217883,0.0,2.2329685287352894,0.8215070058217883,-1.7297123425856324,1.09321070324137,15.84591030804301,63.94845177805685
11.06.2024,163,2.901611076,11.738552642000004,[],0.0,0.0,0,0.0,0.2665863646737614,0.0,0.0,0.8994361350861627,0.0,0.2665863646737614,0.8994361350861627,0.31459895074027017,-0.9511005900845324,28.087459907981472,61.24173662679926
12.06.2024,164,2.7252954380000003,34.191631756999996,[],0.0,0.0,0,0.0,2.3554002754994916,0.0,0.0,0.9221570355804705,0.0,2.3554002754994916,0.9221570355804705,-1.7514940595911528,1.1149924202468904,12.18105812466545,63.50652096624857
13.06.2024,165,2.682036542,38.65924821600001,[],0.0,0.0,0,0.0,2.6951918399907515,0.0,0.0,0.907806795403122,0.0,2.6951918399907515,0.907806795403122,-2.105635864259761,1.4691342249154986,10.978789820278735,63.9985260783957
14.06.2024,166,2.6652711179999997,21.740520356999998,[],0.0,0.0,0,0.0,1.522009040717377,0.0,0.0,0.7982180668040516,0.0,1.522009040717377,0.7982180668040516,-1.0420417935854565,0.4055401542411942,17.983151089863796,64.13854804630749
15.06.2024,167,3.499015613,14.354930541999998,[],0.0,0.0,0,0.0,0.0,0.0,0.0,0.8717444299003284,0.0,0.0,0.8717444299003284,0.5534936102281973,-1.1899952495724595,23.838300641899064,56.21879840124983
16.06.2024,168,2.572681656,30.618642485,[],0.0,0.0,0,0.0,0.041267001893063204,0.0,0.0,0.7479353273431383,0.0,0.041267001893063204,0.7479353273431383,0.3884175057779439,-1.0249191451222062,13.869974527135865,65.71295655958936
17.06.2024,169,2.658088439,39.479699306,[],0.0,0.0,0,0.0,2.5715039342229953,0.0,0.0,0.9426667368784688,0.0,2.5715039342229953,0.9426667368784688,-1.9470880170166576,1.3105863776723952,10.686317630044332,63.99135317830045
18.06.2024,170,2.6568003160000004,43.818410739,[],0.0,0.0,0,0.0,3.194043031781743,0.0,0.0,0.8810743678428865,0.0,3.194043031781743,0.8810743678428865,-2.631219483610988,1.9947178442667257,9.70402985829118,63.93121597306357
19.06.2024,171,2.7138970700000002,43.155353059,[],0.0,0.0,0,0.0,2.7381096244083016,0.0,0.0,0.8658172857585291,0.0,2.7381096244083016,0.8658172857585291,-2.1905431583219044,1.554041518977642,9.701641841613403,63.078750162692806
20.06.2024,172,2.689484537,26.282661029,[],0.0,0.0,0,0.0,2.052561128455279,0.0,0.0,0.9053553851576649,0.0,2.052561128455279,0.9053553851576649,-1.4654565629697456,0.8289549236254832,15.021797489783056,63.33620623085011
21.06.2024,173,2.8191862710000004,26.619713782000005,[],0.0,0.0,0,0.0,2.7036523426684322,0.0,0.0,0.8741199314596324,0.0,2.7036523426684322,0.8741199314596324,-2.1477832308809313,1.5112815915366689,14.465334735019809,61.49190633821505
22.06.2024,174,3.0401055249999995,33.814126326,[],0.0,0.0,0,0.0,0.3879159086178287,0.0,0.0,0.9471914348709181,0.0,0.3879159086178287,0.9471914348709181,0.24102470658095837,-0.8775263459252207,12.51135597787701,61.398970827124664
23.06.2024,175,2.727695733,14.042781934999997,[],0.0,0.0,0,0.0,0.0962573931070882,0.0,0.0,0.8525987032440459,0.0,0.0962573931070882,0.8525987032440459,0.43809049046482645,-1.0745921298090888,24.95393363852442,63.12494362492356
24.06.2024,176,2.635128262,39.10178370700001,[],0.0,0.0,0,0.0,2.2865448011196383,0.0,0.0,0.9036215001983795,0.0,2.2865448011196383,0.9036215001983795,-1.70117412059339,1.0646724812491275,10.618221944687289,63.80454732046478
25.06.2024,177,2.6512462790000004,45.50497850000001,[],0.0,0.0,0,0.0,1.581512628982235,0.0,0.0,0.8526120412744554,0.0,1.581512628982235,0.8526120412744554,-1.0471514073799109,0.4106497680356485,9.210406310643334,63.51978115925139
26.06.2024,178,2.779240005,31.979601864000003,[],0.0,0.0,0,0.0,3.1508078307231693,0.0,0.0,0.9158676276658396,0.0,3.1508078307231693,0.9158676276658396,-2.5531910227294614,1.9166893833851992,12.278457679983298,61.69445895239727
27.06.2024,179,2.560808075,29.526439749000005,[],0.0,0.0,0,0.0,1.9394529965736906,0.0,0.0,0.8960587356333697,0.0,1.9394529965736906,0.8960587356333697,-1.361645080612452,0.7251434412681896,13.689057910787433,64.64803428727195
28.06.2024,180,2.6130755199999998,36.323865243,[],0.0,0.0,0,0.0,0.8180365041631902,0.0,0.0,0.8511151031663715,0.0,0.8180365041631902,0.8511151031663715,-0.2851722206689497,-0.3513294186753126,11.282548624659194,63.87049397315305
29.06.2024,181,2.945922714,41.204818054,[],0.0,0.0,0,0.0,0.5863711337764118,0.0,0.0,0.949888439185758,0.0,0.5863711337764118,0.949888439185758,0.045266485737215145,-0.6817681250814774,10.507533552658897,62.153559179578586
30.06.2024,182,2.7658839349999997,20.548905036000004,[],0.0,0.0,0,0.0,0.0951566323059508,0.0,0.0,0.8249050580837475,0.0,0.0951566323059508,0.8249050580837475,0.4114976061056656,-1.0479992454499278,18.122413337060216,62.18414436042431
01.07.2024,183,2.7269358250000004,26.217263170999995,[],0.0,0.0,0,0.0,2.245296446217591,0.0,0.0,0.8799966758669466,0.0,2.245296446217591,0.8799966758669466,-1.6835505900227756,1.0470489506785132,14.579640014231243,62.13497281497418
02.07.2024,184,2.821854023,27.461642154,[],0.0,0.0,0,0.0,2.267996622179014,0.0,0.0,0.8702223346484869,0.0,2.267996622179014,0.8702223346484869,-1.716025107202658,1.0795234678583956,13.730029493146223,60.76631395505052
03.07.2024,185,2.892309984,18.192216181000003,[],0.0,0.0,0,0.0,1.4387104528243089,0.0,0.0,0.903266354988017,0.0,1.4387104528243089,0.903266354988017,-0.853694917508423,0.21719327816416062,19.08643449621868,59.73738551944084
04.07.2024,186,2.617760147,26.57500956,[],0.0,0.0,0,0.0,0.1428441800844482,0.0,0.0,0.7179337732609039,0.0,0.1428441800844482,0.7179337732609039,0.25683877350432455,-0.8933404128485869,14.639106194037593,63.51698669907603
05.07.2024,187,2.580788653,36.130309509,[],0.0,0.0,0,0.0,0.21385477891233823,0.0,0.0,0.7769999514331906,0.0,0.21385477891233823,0.7769999514331906,0.24489435284872124,-0.8813959921929835,11.264734430936679,63.99291584348001
06.07.2024,188,3.2641767480000006,35.099472313999996,[],0.0,0.0,0,0.0,0.0,0.0,0.0,0.7010870270384211,0.0,0.0,0.7010870270384211,0.3828362073662899,-1.0193378467105523,11.258971743616295,57.703694916235236
07.07.2024,189,2.8590396030000003,8.478445809,[],0.0,0.0,0,0.0,0.031559850601643104,0.0,0.0,0.8222481671106829,0.0,0.031559850601643104,0.8222481671106829,0.4724374968369088,-1.1089391361811711,34.144902398941596,60.59209138535828
08.07.2024,190,2.628673152,28.697599431,[],0.0,0.0,0,0.0,1.508255501269776,0.0,0.0,0.9305495904224786,0.0,1.508255501269776,0.9305495904224786,-0.8959567305194289,0.2594550911751667,13.602586135656484,63.21930155943918
09.07.2024,191,2.701776632,41.424967071,[],0.0,0.0,0,0.0,1.5804807583432852,0.0,0.0,0.8394313660726571,0.0,1.5804807583432852,0.8394313660726571,-1.0593002119427593,0.4227985725984969,9.679090590749402,62.16536740206083
10.07.2024,192,2.746572169,31.897331552000004,[],0.0,0.0,0,0.0,2.229732965298152,0.0,0.0,0.883344514609378,0.0,2.229732965298152,0.883344514609378,-1.664639270360905,1.0281376310166426,12.095634620130378,61.509113492979736
11.07.2024,193,2.6822572520000003,34.94446683499999,[],0.0,0.0,0,0.0,2.477712126014989,0.0,0.0,0.9110438242475601,0.0,2.477712126014989,0.9110438242475601,-1.8849191214395604,1.248417482095298,11.292648683392576,62.38473429701261
12.07.2024,194,2.76858489,19.039644735,[],0.0,0.0,0,0.0,1.8497762889673073,0.0,0.0,0.8146761782085058,0.0,1.8497762889673073,0.8146761782085058,-1.3533509304309326,0.7168492910866702,18.625130531401737,61.1502504329972
13.07.2024,195,2.918160671,22.065717564,[],0.0,0.0,0,0.0,0.1279840554755591,0.0,0.0,0.7933536395400168,0.0,0.1279840554755591,0.7933536395400168,0.34711876439232653,-0.9836204037365888,17.740272773394754,61.987727603331344
14.07.2024,196,2.752282137,37.486626504,[],0.0,0.0,0,0.0,0.042275141042874595,0.0,0.0,0.8139198457060333,0.0,0.042275141042874595,0.8139198457060333,0.45339388499102734,-1.0898955243352897,10.649836453139233,61.88182394957394
15.07.2024,197,2.71941058,44.492277264,[],0.0,0.0,0,0.0,1.314326970419348,0.0,0.0,0.9042449452848142,0.0,1.314326970419348,0.9042449452848142,-0.728332844806665,0.09183120546240275,8.993501053600783,61.785926820281155
16.07.2024,198,2.803674677,30.814348883,[],0.0,0.0,0,0.0,0.28379455799990366,0.0,0.0,0.8402444467439163,0.0,0.28379455799990366,0.8402444467439163,0.23819906907188143,-0.8747007084161438,12.271193538493884,60.5886498214963
17.07.2024,199,2.686899737,23.415172996000003,[],0.0,0.0,0,0.0,1.0216962488957555,0.0,0.0,0.887010333394405,0.0,1.0216962488957555,0.887010333394405,-0.45293673517348165,-0.18356490417078064,15.894599898499559,62.220193548232594
18.07.2024,200,2.725620019,26.466414439000005,[],0.0,0.0,0,0.0,1.7668106518585738,0.0,0.0,0.9549680340150746,0.0,1.7668106518585738,0.9549680340150746,-1.1300934375156304,0.49359179817136817,14.213301032057506,61.66834899600775
19.07.2024,201,2.6600378170000005,41.53875517499999,[],0.0,0.0,0,0.0,2.54208650794336,0.0,0.0,0.8766250834164828,0.0,2.54208650794336,0.8766250834164828,-1.9837122441990085,1.347210604854746,9.675718793324355,62.58607205986553
20.07.2024,202,2.865870479,38.135628504,[],0.0,0.0,0,0.0,0.5961740382930528,0.0,0.0,0.8828329849039327,0.0,0.5961740382930528,0.8828329849039327,-0.03159187306125122,-0.6049097662830111,11.173050446404464,62.599926142164776
21.07.2024,203,2.722890317,43.372062228000004,[],0.0,0.0,0,0.0,0.42785694916123695,0.0,0.0,0.8580887714008723,0.0,0.42785694916123695,0.8580887714008723,0.11198100256750415,-0.7484826419117665,9.376863742712779,62.23788102599802
22.07.2024,204,2.6567723890000003,25.54023933,[],0.0,0.0,0,0.0,1.750043553196412,0.0,0.0,0.9013885003834944,0.0,1.750043553196412,0.9013885003834944,-1.1669058724850485,0.5304042331407863,14.847758176234576,62.6341010079496
23.07.2024,205,2.7270171100000002,29.097148017000002,[],0.0,0.0,0,0.0,1.7116673628163706,0.0,0.0,0.8347778514658619,0.0,1.7116673628163706,0.8347778514658619,-1.1951403310226398,0.5586386916783774,13.094648193266616,61.652295187129845
24.07.2024,206,2.692753457,32.300091299,[],0.0,0.0,0,0.0,1.0236302908781474,0.0,0.0,0.8399761116489587,0.0,1.0236302908781474,0.8399761116489587,-0.5019049989013199,-0.1345966404429424,12.037438883597376,62.14285736639359
25.07.2024,207,2.6737415350000004,40.136145205,[],0.0,0.0,0,0.0,1.8523879470453632,0.0,0.0,0.8627910032189117,0.0,1.8523879470453632,0.8627910032189117,-1.3078477634985828,0.6713461241543204,9.963185218769643,62.42147612820224
26.07.2024,208,2.705339102,36.132814376,[],0.0,0.0,0,0.0,3.036088228347313,0.0,0.0,0.877710123925839,0.0,3.036088228347313,0.877710123925839,-2.4766289240936046,1.8401272847493424,10.882637173084534,61.99152655867276
27.07.2024,209,2.916899809,41.54321547,[],0.0,0.0,0,0.0,1.8540463546273078,0.0,0.0,0.9468551355203558,0.0,1.8540463546273078,0.9468551355203558,-1.2254420387790834,0.588940399434821,10.276629861416975,61.99542345052122
28.07.2024,210,2.640411757,25.287749513,[],0.0,0.0,0,0.0,0.0915283750440525,0.0,0.0,0.8160313876518192,0.0,0.0915283750440525,0.8160313876518192,0.40625219293563547,-1.0427538322798977,15.349720920824437,63.45888343312439
29.07.2024,211,2.7364600510000003,46.642877595,[],0.0,0.0,0,0.0,1.0391390636800057,0.0,0.0,0.8951747601442803,0.0,1.0391390636800057,0.8951747601442803,-0.46221512320785646,-0.17428651613640583,8.606276260426068,61.613378548275975
30.07.2024,212,2.7689931089999997,46.339583423,[],0.0,0.0,0,0.0,1.3835215767753901,0.0,0.0,0.9314368262798136,0.0,1.3835215767753901,0.9314368262798136,-0.7703355701677077,0.13383393082344536,8.607505026587049,61.18235479038465
31.07.2024,213,2.8087789810000006,44.796819922999994,[],0.0,0.0,0,0.0,1.898180380084526,0.0,0.0,0.9008040102667948,0.0,1.898180380084526,0.9008040102667948,-1.3156271894898621,0.6791255501455999,8.813388141648751,60.65304257106462
01.08.2024,214,2.8710644760000004,35.82106993600001,[],0.0,0.0,0,0.0,2.8723172324780437,0.0,0.0,0.936143261592544,0.0,2.8723172324780437,0.936143261592544,-2.25442479055763,1.6179231512133674,10.65761654616518,59.812344993109775
02.08.2024,215,2.7666455169999997,29.525383983999998,[],0.0,0.0,0,0.0,2.4991994283599346,0.0,0.0,0.907800387082837,0.0,2.4991994283599346,0.907800387082837,-1.9096498609492287,1.2731482216049663,12.92768366408446,61.30727276707194
03.08.2024,216,2.9882259010000003,32.57824317,[],0.0,0.0,0,0.0,0.8795674072460226,0.0,0.0,0.9794904536121043,0.0,0.8795674072460226,0.9794904536121043,-0.21832777330604936,-0.41817386603821294,12.668292356778812,61.26234884171304
04.08.2024,217,2.8046087859999997,31.901628841000004,[],0.0,0.0,0,0.0,0.42501369904144204,0.0,0.0,0.9058424257456854,0.0,0.42501369904144204,0.9058424257456854,0.16257790703211222,-0.7990795463763745,12.269027702618871,61.40091166651479
05.08.2024,218,2.835630762,19.200570445,[],0.0,0.0,0,0.0,1.351669979463645,0.0,0.0,1.017855396767751,0.0,1.351669979463645,1.017855396767751,-0.6520654023680252,0.015563763023762889,18.42278019278187,60.4610593382192
06.08.2024,219,2.8818660350000003,44.259062025999995,[],0.0,0.0,0,0.0,1.4242622805992522,0.0,0.0,1.031648034176464,0.0,1.4242622805992522,1.031648034176464,-0.7108650660949188,0.07436342675065655,8.851469057466717,59.86192283848924
07.08.2024,220,2.9188185890000002,28.230032294,[],0.0,0.0,0,0.0,2.0991357718983044,0.0,0.0,0.9602650769785548,0.0,2.0991357718983044,0.9602650769785548,-1.4571215145918806,0.8206198752476181,13.137631630390132,59.39607251669976
08.08.2024,221,2.828169494,22.431635197,[],0.0,0.0,0,0.0,1.6032767846354434,0.0,0.0,0.957945184870328,0.0,1.6032767846354434,0.957945184870328,-0.9635824194372464,0.3270807800929841,16.303313923318385,60.70697501137457
09.08.2024,222,2.932070808,38.982522974,[],0.0,0.0,0,0.0,0.40970892489976374,0.0,0.0,0.9056557813660215,0.0,0.40970892489976374,0.9056557813660215,0.1776960367941266,-0.8141976761383889,9.883053230820472,59.317774996359226
10.08.2024,223,3.129447689,35.397270346000006,[],0.0,0.0,0,0.0,0.1935411142266856,0.0,0.0,1.016527997907749,0.0,0.1935411142266856,1.016527997907749,0.5047360640089325,-1.1412377033531946,11.610551910084299,59.77117905593323
11.08.2024,224,2.8982136240000003,43.004733424,[],0.0,0.0,0,0.0,0.20767614192028522,0.0,0.0,0.9526927870211236,0.0,0.20767614192028522,0.9526927870211236,0.4267658254287073,-1.0632674647729696,9.34401034268595,60.46501978090737
12.08.2024,225,2.978129933,35.396028819,[],0.0,0.0,0,0.0,1.3398501288479392,0.0,0.0,1.0582122237593694,0.0,1.3398501288479392,1.0582122237593694,-0.599888724760701,-0.03661291458356136,10.744398996467686,58.860087922677174
13.08.2024,226,3.042666134,40.214593601,[],0.0,0.0,0,0.0,2.752082814035597,0.0,0.0,1.0633952120413568,0.0,2.752082814035597,1.0633952120413568,-2.006938421666371,1.3704367823221086,9.472504723792927,58.03561395732093
14.08.2024,227,2.997438504,39.463267048000006,[],0.0,0.0,0,0.0,3.6713610649243704,0.0,0.0,1.0654978352411875,0.0,3.6713610649243704,1.0654978352411875,-2.9241140493553144,2.2876124100110524,9.753825612512754,58.72795781539589
15.08.2024,228,2.967393095,40.419738272,[],0.0,0.0,0,0.0,1.48106674110705,0.0,0.0,1.0117300521777888,0.0,1.48106674110705,1.0117300521777888,-0.7875875086013926,0.15108586925713025,9.6311417876019,59.212004270958175
16.08.2024,229,3.029770683,35.165386291000004,[],0.0,0.0,0,0.0,2.646239907585916,0.0,0.0,1.1353871998366303,0.0,2.646239907585916,1.1353871998366303,-1.829103527421417,1.1926018880771545,10.801593550183506,58.42890980945701
17.08.2024,230,3.3033075490000003,17.806625568,[],0.0,0.0,0,0.0,1.009438167032986,0.0,0.0,1.1192599883599095,0.0,1.009438167032986,1.1192599883599095,-0.20842899834520745,-0.42807264099905484,20.41122854957769,58.02643104120791
18.08.2024,231,3.191902103,10.357749795000002,[],0.0,0.0,0,0.0,0.6746081978606525,0.0,0.0,1.0237820484779947,0.0,0.6746081978606525,1.0237820484779947,0.030923030945210872,-0.6674246702894732,28.98601299927912,56.98047414404637
19.08.2024,232,4.277037098999999,0.561774107,[],0.0,0.0,0,0.0,0.0493795056372959,0.0,0.0,1.4644832840414974,0.0,0.0493795056372959,1.4644832840414974,1.0968529587320703,-1.7333545980763327,84.45892141829042,41.650499711536334
20.08.2024,233,3.0257622550000005,15.577575638,[],0.0,0.0,0,0.0,0.9153253331130221,0.0,0.0,0.999405636746441,0.0,0.9153253331130221,0.999405636746441,-0.23417051603871225,-0.40233112330555004,21.707911595330458,58.80474827001816
21.08.2024,234,3.033805988,25.056227068000002,[],0.0,0.0,0,0.0,0.4767856053294644,0.0,0.0,0.9458244319323454,0.0,0.4767856053294644,0.9458244319323454,0.15078800693074984,-0.7872896462750121,14.724604145466136,58.781459538523094
22.08.2024,235,3.095904248,39.232909655,[],0.0,0.0,0,0.0,0.7675130603060804,0.0,0.0,0.9381235985550391,0.0,0.7675130603060804,0.9381235985550391,-0.14764028142317245,-0.48886135792108987,9.836617377257552,58.02803599950002
23.08.2024,236,3.142292807,42.279508711000005,[],0.0,0.0,0,0.0,0.1875017709970432,0.0,0.0,0.960218226673549,0.0,0.1875017709970432,0.960218226673549,0.45446563600437456,-1.0909672753486368,9.134229867590953,57.493021940678624
24.08.2024,237,3.3249021250000004,39.845823925,[],0.0,0.0,0,0.0,0.478598215533692,0.0,0.0,0.9265675207756072,0.0,0.478598215533692,0.9265675207756072,0.12971848556978421,-0.7662201249140466,10.472463916920889,58.3651267627596
25.08.2024,238,3.2026464519999998,9.94187383,[],0.0,0.0,0,0.0,0.0,0.0,0.0,0.9115030968819595,0.0,0.0,0.9115030968819595,0.5932522772098283,-1.2297539165540907,30.33627091400567,57.479505941563914
26.08.2024,239,3.4611173710000003,8.0699266,[],0.0,0.0,0,0.0,0.5334066844771576,0.0,0.0,1.2137959518025219,0.0,0.5334066844771576,1.2137959518025219,0.36213844765323294,-0.9986400869974952,33.045480264309575,53.5048459165561
27.08.2024,240,3.182380079,19.632192068000002,[],0.0,0.0,0,0.0,0.9776501078028915,0.0,0.0,1.1161547075124933,0.0,0.9776501078028915,1.1161547075124933,-0.17974621996252937,-0.4567554193817329,17.89803745750104,57.35305449557254
28.08.2024,241,3.3144567090000003,40.347530252999995,[],0.0,0.0,0,0.0,2.540403491736531,0.0,0.0,1.1489927743286508,0.0,2.540403491736531,1.1489927743286508,-1.7096615370800121,1.0731598977357497,9.359475967697382,55.693310421074635
29.08.2024,242,3.3615243809999997,40.794650731999994,[],0.0,0.0,0,0.0,3.532692193423649,0.0,0.0,1.2666109377221624,0.0,3.532692193423649,1.2666109377221624,-2.5843320753736188,1.9478304360293566,9.209734791209963,55.17800396196396
30.08.2024,243,3.365073474,41.34870403,[],0.0,0.0,0,0.0,4.242327013057305,0.0,0.0,1.1111000714483243,0.0,4.242327013057305,1.1111000714483243,-3.4494777612811123,2.8129761219368503,9.129317723035296,55.24673455319709
31.08.2024,244,3.7353679619999998,36.486240758,[],0.0,0.0,0,0.0,1.2658223854202881,0.0,0.0,1.2133052626722154,0.0,1.2658223854202881,1.2133052626722154,-0.3707679424202037,-0.26573369692405857,10.740799960200649,54.03108113912004
01.09.2024,245,3.4334729349999993,34.857817435,[],0.0,0.0,0,0.0,0.4906042196333409,0.0,0.0,1.0773800674935925,0.0,0.4906042196333409,1.0773800674935925,0.26852502818812035,-0.9050266675323826,10.829601713308513,55.21692695073883
02.09.2024,246,3.5689509320000004,29.610833355,[],0.0,0.0,0,0.0,3.0722970079471557,0.0,0.0,1.2825877728878157,0.0,3.0722970079471557,1.2825877728878157,-2.107960054731471,1.4714584153872088,11.93021798152926,52.917024252041415
03.09.2024,247,3.5263735359999995,38.39550795499999,[],0.0,0.0,0,0.0,4.035460134732838,0.0,0.0,1.7276087811878251,0.0,4.035460134732838,1.7276087811878251,-2.6261021732171437,1.9896005338728815,9.594762198010978,53.608356024796954
04.09.2024,248,3.593461649,31.155289877999998,[],0.0,0.0,0,0.0,3.7008860252461915,0.0,0.0,1.3217305546299714,0.0,3.7008860252461915,1.3217305546299714,-2.697406290288351,2.060904650944089,11.452281682446829,52.85976178473809
05.09.2024,249,3.4293057529999995,37.465061291,[],0.0,0.0,0,0.0,1.4029173677212308,0.0,0.0,1.0029466501807482,0.0,1.4029173677212308,1.0029466501807482,-0.7182215372126137,0.08171989786835138,10.11412699862758,55.142831203026454
06.09.2024,250,3.4610345440000003,17.505884595999998,[],0.0,0.0,0,0.0,0.9304056427408519,0.0,0.0,1.0728597201517922,0.0,0.9304056427408519,1.0728597201517922,-0.1757967422611909,-0.4607048970830714,19.373193561211803,54.86032149379441
07.09.2024,251,3.7443687750000003,39.135563763,[],0.0,0.0,0,0.0,1.22874869981729,0.0,0.0,1.2159840384641265,0.0,1.22874869981729,1.2159840384641265,-0.33101548102529493,-0.30548615831896736,10.403947098859705,54.826240830325425
08.09.2024,252,3.657018801,26.593466734,[],0.0,0.0,0,0.0,0.5547460671793127,0.0,0.0,1.1631036560879586,0.0,0.5547460671793127,1.1631036560879586,0.29010676923651474,-0.9266084085807771,13.54438036388374,53.254338032681595
09.09.2024,253,3.6713292109999998,12.546485756,[],0.0,0.0,0,0.0,1.2825091623764049,0.0,0.0,1.125709910480235,0.0,1.2825091623764049,1.125709910480235,-0.47505007156830115,-0.16145156777596112,24.474902151205853,52.54953678213201
10.09.2024,254,3.59105839,21.229954976,[],0.0,0.0,0,0.0,0.5123257205422489,0.0,0.0,1.0110515008100243,0.0,0.5123257205422489,1.0110515008100243,0.18047496059564433,-0.8169765999399066,16.418000349209247,53.730959911230805
11.09.2024,255,3.715114322,22.562642714999996,[],0.0,0.0,0,0.0,1.9587419335492842,0.0,0.0,1.1627729408892915,0.0,1.9587419335492842,1.1627729408892915,-1.1142198123321239,0.4777181729878615,15.283939536037899,52.28299857074562
12.09.2024,256,3.7111655189999992,10.911309068,[],0.0,0.0,0,0.0,1.0414152881781693,0.0,0.0,1.3517462816614123,0.0,1.0414152881781693,1.3517462816614123,-0.007919826188888313,-0.628581813155374,27.30993639680347,52.48544244013651
13.09.2024,257,3.836034929,8.687387976999998,[],0.0,0.0,0,0.0,0.8138211064156247,0.0,0.0,1.1270670465254562,0.0,0.8138211064156247,1.1270670465254562,-0.00500487956229928,-0.631496759781963,31.526298907346817,51.04498258913559
14.09.2024,258,5.251796867,0.076247797,[],0.0,0.0,0,0.0,0.0,0.0,0.0,1.50274298670111,0.0,0.0,1.50274298670111,1.1844921670289787,-1.8209938063732412,97.68793046565906,38.019938027496615
15.09.2024,259,3.6100033929999995,15.787707505999999,[],0.0,0.0,0,0.0,0.3863350286070989,0.0,0.0,1.1306726022380738,0.0,0.3863350286070989,1.1306726022380738,0.4260867539588436,-1.062588393303106,20.829910955452313,53.502114438674575
16.09.2024,260,5.069221823000001,0.10373463799999999,[],0.0,0.0,0,0.0,0.014566002929408,0.0,0.0,1.5459847684518864,0.0,0.014566002929408,1.5459847684518864,1.2131679458503475,-1.8496695851946099,96.03476541748599,33.13775328842713
17.09.2024,261,3.779935872,12.384836811999998,[],0.0,0.0,0,0.0,0.7246877577789252,0.0,0.0,1.1820203089723602,0.0,0.7246877577789252,1.1820203089723602,0.13908173152130393,-0.7755833708655662,23.607566107996654,50.31123203500049
18.09.2024,262,3.5117579679999995,35.294312967,[],0.0,0.0,0,0.0,1.7960670563613075,0.0,0.0,1.0830112647553993,0.0,1.7960670563613075,1.0830112647553993,-1.0313066112780394,0.394804971933777,10.456347361796652,53.99367540244915
19.09.2024,263,3.523870467,37.493012091999994,[],0.0,0.0,0,0.0,1.8257223451260447,0.0,0.0,1.0858033684979638,0.0,1.8257223451260447,1.0858033684979638,-1.0581697963002121,0.4216681569559498,9.934652594556855,53.99367541620778
20.09.2024,264,3.5361394600000002,37.499903198999995,[],0.0,0.0,0,0.0,1.4430461140326003,0.0,0.0,1.0945791183291125,0.0,1.4430461140326003,1.0945791183291125,-0.6667178153756188,0.030216176031356567,9.96414591174537,53.99367539647658
21.09.2024,265,3.9664361919999997,36.522208905,[],0.0,0.0,0,0.0,0.8209231411118586,0.0,0.0,1.264220067218524,0.0,0.8209231411118586,1.264220067218524,0.12504610643453412,-0.7615477457787965,11.307673104390732,54.000447950878716
22.09.2024,266,3.5293181970000003,32.809924615,[],0.0,0.0,0,0.0,0.8277190308014318,0.0,0.0,1.1459388547065188,0.0,0.8277190308014318,1.1459388547065188,-3.0995767044295075e-05,-0.636470643577218,11.881093937245048,55.62330013222982
23.09.2024,267,3.682292149,29.751208550999998,[],0.0,0.0,0,0.0,3.075112485165007,0.0,0.0,1.3635577887843018,0.0,3.075112485165007,1.3635577887843018,-2.029805516052836,1.393303876708574,12.075222323194371,52.59786578821544
24.09.2024,268,3.710502103,28.867810366999997,[],0.0,0.0,0,0.0,2.6796685397874014,0.0,0.0,1.1087346058882799,0.0,2.6796685397874014,1.1087346058882799,-1.8891847535712525,1.25268311422699,12.398312644930307,52.4061417169149
25.09.2024,269,3.693558099,30.253292874000003,[],0.0,0.0,0,0.0,1.3890009654560136,0.0,0.0,1.1733994091704836,0.0,1.3890009654560136,1.1733994091704836,-0.5338523759576612,-0.10264926338660113,12.013988418802823,52.7947992742065
26.09.2024,270,4.191809261,4.466296444,[],0.0,0.0,0,0.0,0.13885737744622892,0.0,0.0,1.1142683449554613,0.0,0.13885737744622892,1.1142683449554613,0.6571601478371012,-1.2936617871813636,45.047540432699265,46.62207897471205
27.09.2024,271,3.811445862,12.485523784,[],0.0,0.0,0,0.0,0.0670748589808128,0.0,0.0,0.8838109343026838,0.0,0.0670748589808128,0.8838109343026838,0.49848525564973983,-1.134986894994002,24.58639905360538,51.64358339688049
28.09.2024,272,4.466238572,7.435619793,[],0.0,0.0,0,0.0,0.0172639093610514,0.0,0.0,1.2205327060831819,0.0,0.0172639093610514,1.2205327060831819,0.8850179770499991,-1.5215196163942615,37.05821356765704,49.50039432674881
29.09.2024,273,3.713723762,25.822201059,[],0.0,0.0,0,0.0,0.651840099809533,0.0,0.0,1.0867522579935287,0.0,0.651840099809533,1.0867522579935287,0.11666133851186461,-0.7531629778561268,14.685907948009035,54.48164710853578
30.09.2024,274,3.9734702520000003,14.064071096,[],0.0,0.0,0,0.0,0.2971603880514031,0.0,0.0,0.9159677117569206,0.0,0.2971603880514031,0.9159677117569206,0.30055650403338624,-0.9370581433776486,22.13052990330422,50.147692033946925
01.10.2024,275,4.074965887,18.631999685000004,[],0.0,0.0,0,0.0,1.5166241077778695,0.0,0.0,1.2050963254732534,0.0,1.5166241077778695,1.2050963254732534,-0.6297786019767477,-0.006723037367514562,17.40252308069941,49.0664636574653
02.10.2024,276,4.043569210999999,18.566271848999996,[],0.0,0.0,0,0.0,1.8591237499465858,0.0,0.0,1.2515302090749,0.0,1.8591237499465858,1.2515302090749,-0.9258443605438171,0.2893427211995549,17.6793653363224,49.64988525364787
03.10.2024,277,4.103905134,9.600021849,[],0.0,0.0,0,0.0,0.5780834381957105,0.0,0.0,1.2375310165930433,0.0,0.5780834381957105,1.2375310165930433,0.34119675872520144,-0.9776983980694638,29.191050668623316,49.09267873498535
04.10.2024,278,4.494873137,2.91539544,[],0.0,0.0,0,0.0,0.25178465643488196,0.0,0.0,1.435393076339129,0.0,0.25178465643488196,1.435393076339129,0.8653576002321157,-1.5018592395763781,55.236795346184806,44.45566474704347
05.10.2024,279,4.705809947,12.857890938,[],0.0,0.0,0,0.0,0.7329048853523762,0.0,0.0,1.4714196578001915,0.0,0.7329048853523762,1.4714196578001915,0.420263952775684,-1.0567655921199464,25.390496432897148,48.182472534808184
06.10.2024,280,4.02968194,28.179623087000003,[],0.0,0.0,0,0.0,0.6438146211293178,0.0,0.0,1.1128034495330774,0.0,0.6438146211293178,1.1128034495330774,0.15073800873162874,-0.787239648075891,13.370267428036575,51.90662469877133
07.10.2024,281,4.168505868,24.239345443,[],0.0,0.0,0,0.0,1.7589097095666653,0.0,0.0,1.362298109660467,0.0,1.7589097095666653,1.362298109660467,-0.7148624195783296,0.07836078023406734,14.219552314266487,49.08126177129008
08.10.2024,282,4.419770499999999,14.32520349,[],0.0,0.0,0,0.0,1.3362642078763733,0.0,0.0,1.3862738892649697,0.0,1.3362642078763733,1.3862738892649697,-0.2682411382835347,-0.3682605010607276,20.959598161387532,46.2214738370838
09.10.2024,283,4.213319477,30.949560308000002,[],0.0,0.0,0,0.0,2.4039232153790673,0.0,0.0,1.286890818547581,0.0,2.4039232153790673,1.286890818547581,-1.4352832165036176,0.7987815771593552,11.53938306164073,48.93307031400847
10.10.2024,284,4.701942876,3.2648643749999997,[],0.0,0.0,0,0.0,0.0959711109223068,0.0,0.0,1.363042528049804,0.0,0.0959711109223068,1.363042528049804,0.9488205974553658,-1.5853222367996282,52.30884052277721,43.233315290415355
11.10.2024,285,4.305956017,22.571336354000003,[],0.0,0.0,0,0.0,1.9681649406155113,0.0,0.0,1.3965208445034896,0.0,1.9681649406155113,1.3965208445034896,-0.8898949157841527,0.25339327643989035,15.084288411040445,48.21765994384683
12.10.2024,286,4.872177408000001,25.612702077000005,[],0.0,0.0,0,0.0,0.872246712520142,0.0,0.0,1.2737154067564478,0.0,0.872246712520142,1.2737154067564478,0.08321787456417479,-0.7197195139084371,14.83227499341418,47.794693238156526
13.10.2024,287,4.240255896,3.6267493350000004,[],0.0,0.0,0,0.0,0.0,0.0,0.0,0.9606172627866806,0.0,0.0,0.9606172627866806,0.6423664431145495,-1.2788680824588117,54.65369113532893,50.759968955341904
14.10.2024,288,4.4942609739999995,12.285756572999999,[],0.0,0.0,0,0.0,1.409777078277036,0.0,0.0,1.5738972970025338,0.0,1.409777078277036,1.5738972970025338,-0.15413060094663356,-0.48237103839762874,24.189800948501308,46.588747708266375
15.10.2024,289,4.729896161999999,4.827101526,[],0.0,0.0,0,0.0,0.4287908455979768,0.0,0.0,1.3947732121136445,0.0,0.4287908455979768,1.3947732121136445,0.6477315468435367,-1.284233186187799,43.50986152240433,44.0105099281813
16.10.2024,290,4.4015055940000005,28.426616108999998,[],0.0,0.0,0,0.0,0.5990043995984101,0.0,0.0,1.1026473557525256,0.0,0.5990043995984101,1.1026473557525256,0.18539213648198422,-0.8218937758262466,12.55100349253078,48.10401268506525
17.10.2024,291,4.419020786,27.960951924,[],0.0,0.0,0,0.0,1.7143646261805292,0.0,0.0,1.3692108375553087,0.0,1.7143646261805292,1.3692108375553087,-0.6634046082973519,0.02690296895308969,12.777609289016198,48.104012673403204
18.10.2024,292,4.496467037000001,9.668031398000002,[],0.0,0.0,0,0.0,0.9617397844336887,0.0,0.0,1.4485019751550798,0.0,0.9617397844336887,1.4485019751550798,0.16851137104925995,-0.8050130103935222,29.536573569374227,47.40404136597467
19.10.2024,293,5.514396324000002,6.817713993,[],0.0,0.0,0,0.0,0.5512027285552422,0.0,0.0,1.6831678746139271,0.0,0.5512027285552422,1.6831678746139271,0.813714326386554,-1.4502159657308165,37.44432758442076,42.530335210665946
20.10.2024,294,4.359731811,18.221676041000002,[],0.0,0.0,0,0.0,0.12411186730695341,0.0,0.0,1.0327464579731345,0.0,0.12411186730695341,1.0327464579731345,0.5903837709940503,-1.2268854103383124,19.784781324314444,50.7599689365832
21.10.2024,295,4.489944294,27.057502303,[],0.0,0.0,0,0.0,2.562596924262426,0.0,0.0,1.4325066659474284,0.0,2.562596924262426,1.4325066659474284,-1.4483410779871289,0.8118394386428665,13.331048760152884,48.104012701625805
22.10.2024,296,4.820193026,9.090670377,[],0.0,0.0,0,0.0,0.8516906899575876,0.0,0.0,1.5502790756202731,0.0,0.8516906899575876,1.5502790756202731,0.3803375659905545,-1.0168392053348168,29.83881413914602,44.508478700379975
23.10.2024,297,6.875981549999999,0.0,[],0.0,0.0,0,0.0,0.0,0.0,0.0,2.299829951397189,0.0,0.0,2.299829951397189,1.9815791317250577,-2.61808077106932,100.0,21.15642106099026
24.10.2024,298,4.747561364,9.293283477,[],0.0,0.0,0,0.0,0.9389200192571532,0.0,0.0,1.4883629701642618,0.0,0.9389200192571532,1.4883629701642618,0.23119213123497723,-0.8676937705792396,30.133965828561095,45.77842953152608
25.10.2024,299,4.7234454260000005,19.701309947,[],0.0,0.0,0,0.0,2.027373229573593,0.0,0.0,1.642144241241941,0.0,2.027373229573593,1.642144241241941,-0.7034798080037827,0.06697816865952044,17.11221065890115,46.268231365753664
26.10.2024,300,5.350737258,22.859430075,[],0.0,0.0,0,0.0,2.0289745216696096,0.0,0.0,1.7092883348194199,0.0,2.0289745216696096,1.7092883348194199,-0.6379370065223204,0.001435367178058089,16.496139123703767,45.76921239594688
27.10.2024,301,4.608262636999999,23.278856934999997,[],0.0,0.0,0,0.0,1.3789097893364433,0.0,0.0,1.5202105492982,0.0,1.3789097893364433,1.5202105492982,-0.17695005971037392,-0.4595515796338884,16.18742538917639,49.38368827404558
28.10.2024,302,4.8541598189999995,19.255009409,[],0.0,0.0,0,0.0,2.183378947218079,0.0,0.0,1.6325356475823054,0.0,2.183378947218079,1.6325356475823054,-0.8690941193079045,0.23259247996364213,17.350153042820665,45.43583044715185
29.10.2024,303,4.9452639000000005,20.473025936000003,[],0.0,0.0,0,0.0,2.747523750818136,0.0,0.0,1.9118051647691996,0.0,2.747523750818136,1.9118051647691996,-1.153969405721068,0.5174677663768057,16.297735029702192,44.631720885686676
30.10.2024,304,4.9986596080000005,11.532562184,[],0.0,0.0,0,0.0,1.5310728484688763,0.0,0.0,1.7861552013400215,0.0,1.5310728484688763,1.7861552013400215,-0.06316846680098565,-0.5733331725432766,25.600744149930925,44.2549894129191
31.10.2024,305,5.101397629000001,10.565151515999998,[],0.0,0.0,0,0.0,1.227822168747747,0.0,0.0,1.6254786831782844,0.0,1.227822168747747,1.6254786831782844,0.07940569475840603,-0.7159073341026683,26.966951509913926,43.333590483547205
01.11.2024,306,4.891969968000001,23.996626349,[],0.0,0.0,0,0.0,1.1265690155728203,0.0,0.0,1.5275750539608988,0.0,1.1265690155728203,1.5275750539608988,0.08275521871594754,-0.7192568580602099,13.28724211556339,42.911116017006826
02.11.2024,307,5.76197328,4.2271920099999996,[],0.0,0.0,0,0.0,0.438141161448624,0.0,0.0,1.9624675100407518,0.0,0.438141161448624,1.9624675100407518,1.2060755289199967,-1.842577168264259,48.32722200853702,40.692833496743184
03.11.2024,308,4.913488257,9.814406600999998,[],0.0,0.0,0,0.0,0.6882646704441464,0.0,0.0,1.5859245097661048,0.0,0.6882646704441464,1.5859245097661048,0.5794090196498276,-1.2159106589940898,29.773684796322662,45.85377024580029
04.11.2024,309,4.988024598,22.282002878,[],0.0,0.0,0,0.0,2.6258707455503787,0.0,0.0,1.8636082914325491,0.0,2.6258707455503787,1.8636082914325491,-1.0805132737899603,0.44401163444569797,14.182732705641431,42.4712933746259
05.11.2024,310,5.059538078,18.949610655999997,[],0.0,0.0,0,0.0,2.329622988484317,0.0,0.0,2.421576335760238,0.0,2.329622988484317,2.421576335760238,-0.22629747239621095,-0.41020416694805134,16.13160640891149,41.87370318660213
06.11.2024,311,5.15058816,18.743884903,[],0.0,0.0,0,0.0,3.384799434057818,0.0,0.0,3.094572249456431,0.0,3.384799434057818,3.094572249456431,-0.6084780042735181,-0.02802363507074418,16.065633551301573,41.05732582653368
07.11.2024,312,5.334944918000001,4.417690969,[],0.0,0.0,0,0.0,0.7274633756474431,0.0,0.0,2.187353108065483,0.0,0.7274633756474431,2.187353108065483,1.141638912745909,-1.7781405520901714,43.75932157700379,39.18369856505169
08.11.2024,313,5.258809672,9.788771319999999,[],0.0,0.0,0,0.0,1.2139613481296265,0.0,0.0,1.7478135118551525,0.0,1.2139613481296265,1.7478135118551525,0.21560134405339487,-0.8521029833976572,26.59957705983706,40.28261638826936
09.11.2024,314,5.947113334,18.203263321,[],0.0,0.0,0,0.0,2.2004836445866753,0.0,0.0,2.04607742269256,0.0,2.2004836445866753,2.04607742269256,-0.4726570415662469,-0.1638445977780154,18.149294432177747,40.430233691801476
10.11.2024,315,5.169856055,10.055268767000001,[],0.0,0.0,0,0.0,1.214208112618371,0.0,0.0,1.7628103689647507,0.0,1.214208112618371,1.7628103689647507,0.23035143667424846,-0.8668530760185107,29.23461065259967,44.55258740931232
11.11.2024,316,5.387835409,15.853215338,[],0.0,0.0,0,0.0,2.2393919997515925,0.0,0.0,1.8445200749670592,0.0,2.2393919997515925,1.8445200749670592,-0.7131227444566639,0.07662110511240167,18.16975287714606,39.516315040172536
12.11.2024,317,5.440206374,8.444411037000002,[],0.0,0.0,0,0.0,1.6952417574144403,0.0,0.0,2.184066382538047,0.0,1.6952417574144403,2.184066382538047,0.17057380545147555,-0.8070754447957378,29.31177022747781,39.159750596903436
13.11.2024,318,5.9312969319999995,2.2593747310000003,[],0.0,0.0,0,0.0,0.5336014226974329,0.0,0.0,2.1541101433420002,0.0,0.5336014226974329,2.1541101433420002,1.302257900972436,-1.9387595403166984,57.40004896669689,33.917726823655926
14.11.2024,319,5.552076553999999,13.881772268,[],0.0,0.0,0,0.0,1.91846041381987,0.0,0.0,1.94091813083825,0.0,1.91846041381987,1.94091813083825,-0.2957931026537516,-0.3407085366905107,19.939540934392273,38.37473279718617
15.11.2024,320,5.627090692,3.85787067,[],0.0,0.0,0,0.0,0.5730653064371136,0.0,0.0,1.905010404917933,0.0,0.5730653064371136,1.905010404917933,1.0136942788086882,-1.6501959181529506,46.9630664225347,37.77512023154151
16.11.2024,321,6.1985951990000006,16.510970719,[],0.0,0.0,0,0.0,1.8356233381331994,0.0,0.0,1.9047438767957938,0.0,1.8356233381331994,1.9047438767957938,-0.24913028100953677,-0.3873713583347255,19.706095130922055,39.53057692546714
17.11.2024,322,5.3750353230000005,20.458952077,[],0.0,0.0,0,0.0,1.3289633983211027,0.0,0.0,1.4799283915396786,0.0,1.3289633983211027,1.4799283915396786,-0.16728582645355522,-0.4692158128907071,17.02311007051511,43.84795788260718
18.11.2024,323,5.747440890999999,11.294813621,[],0.0,0.0,0,0.0,1.379638061047063,0.0,0.0,1.939140467314154,0.0,1.379638061047063,1.939140467314154,0.24125158659495965,-0.877753225939222,23.119131638214377,37.14485276606945
19.11.2024,324,5.806810058999999,5.342438916000001,[],0.0,0.0,0,0.0,0.9086016953281632,0.0,0.0,1.9405678124208523,0.0,0.9086016953281632,1.9405678124208523,0.7137152974205578,-1.3502169367648202,38.684306664043355,36.72689780878899
20.11.2024,325,5.620820805,8.432218995,[],0.0,0.0,0,0.0,1.0215099587173733,0.0,0.0,1.9143075552386843,0.0,1.0215099587173733,1.9143075552386843,0.5745467768491799,-1.2110484161934423,29.86069758204735,38.975126420258555
21.11.2024,326,6.077548801000001,8.701966934000001,[],0.0,0.0,0,0.0,1.2190630422921094,0.0,0.0,2.1485526586210866,0.0,1.2190630422921094,2.1485526586210866,0.611238796656846,-1.2477404360011082,26.679174233732677,34.25358783790458
22.11.2024,327,5.665872589999999,22.815298384000002,[],0.0,0.0,0,0.0,3.261291560153457,0.0,0.0,1.8462270803096714,0.0,3.261291560153457,1.8462270803096714,-1.7333152995159167,1.0968136601716543,13.664920397992184,38.92576721877029
23.11.2024,328,6.39052256,13.924576458,[],0.0,0.0,0,0.0,1.1736890276088774,0.0,0.0,1.791867352017332,0.0,1.1736890276088774,1.791867352017332,0.2999275047363235,-0.9364291440805859,22.847747105748407,39.21964317048563
24.11.2024,329,5.540343565000001,9.733635803999999,[],0.0,0.0,0,0.0,0.0,0.0,0.0,1.1214824288264134,0.0,0.0,1.1214824288264134,0.8032316091542822,-1.4397332484985446,30.522524217288122,43.560789434876135
25.11.2024,330,5.721402026,20.123971264,[],0.0,0.0,0,0.0,1.081548081505104,0.0,0.0,1.6367455978860632,0.0,1.081548081505104,1.6367455978860632,0.23694669670882823,-0.8734483360530905,15.367600897897779,38.97512642072869
26.11.2024,331,6.046023240000001,11.615898772,[],0.0,0.0,0,0.0,1.4036832920091775,0.0,0.0,2.0755707854648313,0.0,1.4036832920091775,2.0755707854648313,0.35363667378352276,-0.990138313127785,22.446578300691137,35.73568297104258
27.11.2024,332,5.9815840620000005,7.880869329000001,[],0.0,0.0,0,0.0,1.3798632929980272,0.0,0.0,1.8848089152451772,0.0,1.3798632929980272,1.8848089152451772,0.18669480257501897,-0.8231964419192812,30.50200178965048,36.63859235681047
28.11.2024,333,7.336492313,0.0,[],0.0,0.0,0,0.0,0.0,0.0,0.0,2.413545752385262,0.0,0.0,2.413545752385262,2.095294932713131,-2.731796572057393,100.0,22.550468449741246
29.11.2024,334,6.141595433999999,6.474835474,[],0.0,0.0,0,0.0,0.9986022959248935,0.0,0.0,2.137181534724325,0.0,0.9986022959248935,2.137181534724325,0.8203284191273001,-1.4568300584715626,34.1844626975464,35.38299991082393
30.11.2024,335,6.549584802999999,19.519702397,[],0.0,0.0,0,0.0,1.9214944711457682,0.0,0.0,2.203455698240779,0.0,1.9214944711457682,2.203455698240779,-0.036289592577120444,-0.6002120467671419,17.776968219686236,39.185795198642275
01.12.2024,336,5.673877062999999,15.376434836999998,[],0.0,0.0,0,0.0,1.4618976494298141,0.0,0.0,1.7834702078881972,0.0,1.4618976494298141,1.7834702078881972,0.0033217387862520265,-0.6398233781305143,22.166838296353248,43.56078943135191
02.12.2024,337,6.081765092,5.405296311000001,[],0.0,0.0,0,0.0,0.7152873387595464,0.0,0.0,2.0273914837869875,0.0,0.7152873387595464,2.0273914837869875,0.9938533253553099,-1.6303549646995723,39.42240906556271,36.644315525930026
03.12.2024,338,6.3125384989999995,8.51491459,[],0.0,0.0,0,0.0,1.3670631573516807,0.0,0.0,2.423235137340343,0.0,1.3670631573516807,2.423235137340343,0.737921160316531,-1.3744227996607934,28.040525462828896,34.45301018751395
04.12.2024,339,6.521864821,1.870596333,[],0.0,0.0,0,0.0,0.5654219132791161,0.0,0.0,2.6955082965916057,0.0,0.5654219132791161,2.6955082965916057,1.8118355636403585,-2.4483372029846207,62.66426553819113,32.4961587241109
05.12.2024,340,6.081501404,17.560799567,[],0.0,0.0,0,0.0,2.3050043969344625,0.0,0.0,1.8981443249740553,0.0,2.3050043969344625,1.8981443249740553,-0.7251108916325382,0.08860925228827593,17.054298960692417,37.25327873274454
06.12.2024,341,6.4905600439999995,6.159788192000001,[],0.0,0.0,0,0.0,0.6875238306731448,0.0,0.0,2.0690691834819717,0.0,0.6875238306731448,2.0690691834819717,1.0632945331366959,-1.6997961724809583,34.41299848640097,33.24223086359056
07.12.2024,342,7.468409374999999,2.9040194209999997,[],0.0,0.0,0,0.0,0.1816689955960212,0.0,0.0,2.1623118123457576,0.0,0.1816689955960212,2.1623118123457576,1.6623919970776053,-2.2988936364218677,54.97427023430236,32.192155284120275
08.12.2024,343,7.246371811999999,1.7134999370000001,[],0.0,0.0,0,0.0,0.19564838249290922,0.0,0.0,2.2664127546846657,0.0,0.19564838249290922,2.2664127546846657,1.7525135525196254,-2.3890151918638876,63.89305506364978,29.499688284700486
09.12.2024,344,6.813224627,2.5077179879999996,[],0.0,0.0,0,0.0,0.3564122991070325,0.0,0.0,2.15882588519359,0.0,0.3564122991070325,2.15882588519359,1.4841627664144263,-2.1206644057586885,54.45999660412064,30.563269078884147
10.12.2024,345,6.761836942,1.1404826319999999,[],0.0,0.0,0,0.0,0.23846594099251597,0.0,0.0,2.560301340649015,0.0,0.23846594099251597,2.560301340649015,2.0035845799843677,-2.6400862193286296,72.97467356458225,31.29195940905588
11.12.2024,346,6.978455403000001,0.9311386869999999,[],0.0,0.0,0,0.0,0.40552019651406884,0.0,0.0,3.574886045679924,0.0,0.40552019651406884,3.574886045679924,2.8511150294937244,-3.4876166688379864,75.64408338482383,29.298919326270283
12.12.2024,347,6.527838068,3.90631143,[],0.0,0.0,0,0.0,2.315602503459936,0.0,0.0,4.556021234583819,0.0,2.315602503459936,4.556021234583819,1.922167911451753,-2.558669550796015,46.32327272858907,34.055604280740454
13.12.2024,348,6.486901048999999,6.707019762,[],0.0,0.0,0,0.0,1.4885521381904547,0.0,0.0,2.7102737536112285,0.0,1.4885521381904547,2.7102737536112285,0.903470795748643,-1.5399724350929054,33.90422599078487,34.655986198118384
14.12.2024,349,8.123586443,1.154831862,[],0.0,0.0,0,0.0,0.15183297931481018,0.0,0.0,2.51311710617634,0.0,0.15183297931481018,2.51311710617634,2.0430333071893987,-2.6795349465336606,72.98065773001417,27.74440582705075
15.12.2024,350,6.377172067,5.455770119000001,[],0.0,0.0,0,0.0,0.35548284204310965,0.0,0.0,1.5010956658540926,0.0,0.35548284204310965,1.5010956658540926,0.8273620041388519,-1.4638636434831143,42.97635522261806,39.2011002179418
16.12.2024,351,7.199048151999998,1.4605114920000002,[],0.0,0.0,0,0.0,0.12559691273266183,0.0,0.0,1.8375355668530957,0.0,0.12559691273266183,1.8375355668530957,1.3936878344483028,-2.030189473792565,65.80853518437219,28.082185246875973
17.12.2024,352,6.601559880000001,2.582700459,[],0.0,0.0,0,0.0,0.3034703937018256,0.0,0.0,2.007622261501619,0.0,0.3034703937018256,2.007622261501619,1.3859010481276623,-2.0224026874719248,57.08446377347608,34.22750133404752
18.12.2024,353,6.797798149000001,13.523342886000002,[],0.0,0.0,0,0.0,0.9493681876110915,0.0,0.0,1.746129320420132,0.0,0.9493681876110915,1.746129320420132,0.47851031313690945,-1.1150119524811717,19.4510366752185,32.45046660394463
19.12.2024,354,7.317096094,0.7728823269999999,[],0.0,0.0,0,0.0,0.054238511630037,0.0,0.0,1.9523341231863582,0.0,0.054238511630037,1.9523341231863582,1.57984479188419,-2.216346431228452,78.19967154849866,27.478053385669682
20.12.2024,355,6.97746234,4.053393633000001,[],0.0,0.0,0,0.0,0.4160579721810495,0.0,0.0,2.0346439119751096,0.0,0.4160579721810495,2.0346439119751096,1.3003351201219293,-1.9368367594661917,43.63299548580769,31.019642776667865
21.12.2024,356,7.5416217130000005,9.470452168,[],0.0,0.0,0,0.0,0.2409448724299271,0.0,0.0,1.6416109678260835,0.0,0.2409448724299271,1.6416109678260835,1.082415275724025,-1.7189169150682875,29.22316866583997,34.14519658209416
22.12.2024,357,7.305257620000002,1.1715344509999999,[],0.0,0.0,0,0.0,0.019256978313661098,0.0,0.0,1.7041827511784198,0.0,0.019256978313661098,1.7041827511784198,1.3666749531926274,-2.0031765925368896,74.23369961625875,31.601870705914926
23.12.2024,358,6.9645199920000005,5.759993841,[],0.0,0.0,0,0.0,0.3362353241800112,0.0,0.0,1.977119995396214,0.0,0.3362353241800112,1.977119995396214,1.3226338515440714,-1.9591354908883338,35.893058277011924,31.650051769046293
24.12.2024,359,6.741400842000001,6.131877875999999,[],0.0,0.0,0,0.0,0.8015926958420867,0.0,0.0,2.1187437948509533,0.0,0.8015926958420867,2.1187437948509533,0.9989002793367354,-1.6354019186809978,36.15195574569514,33.9944489066272
25.12.2024,360,6.602379601999999,17.822301615,[],0.0,0.0,0,0.0,1.811549458400723,0.0,0.0,2.1229296183100783,0.0,1.811549458400723,2.1229296183100783,-0.006870659762775955,-0.6296309795814863,16.938354302228813,35.50344511423649
26.12.2024,361,6.617639166,18.660722357999994,[],0.0,0.0,0,0.0,2.2984358657964274,0.0,0.0,2.236353110029466,0.0,2.2984358657964274,2.236353110029466,-0.38033357543909285,-0.25616806390516944,16.330146548924805,35.4988297411096
27.12.2024,362,6.662120652999999,17.699670386999998,[],0.0,0.0,0,0.0,2.3175166895719697,0.0,0.0,2.330987811538598,0.0,2.3175166895719697,2.330987811538598,-0.3047796977055024,-0.3317219416387599,16.979733134737103,35.20692062806209
28.12.2024,363,7.268365887000001,17.413105725999998,[],0.0,0.0,0,0.0,2.3035679432868292,0.0,0.0,2.5486489590049954,0.0,2.3035679432868292,2.5486489590049954,-0.07316980395396486,-0.5633318353902974,20.055538243292823,37.539627801716115
29.12.2024,364,6.161461534,17.382474278,[],0.0,0.0,0,0.0,2.012700223408858,0.0,0.0,1.9870258508618388,0.0,2.012700223408858,1.9870258508618388,-0.34392519221914986,-0.29257644712511244,21.23914361014554,43.20672443497497
30.12.2024,365,6.703378260999999,16.986183811,[],0.0,0.0,0,0.0,1.5125016779156892,0.0,0.0,1.9357031644393001,0.0,1.5125016779156892,1.9357031644393001,0.10495066685148013,-0.7414523061957424,17.65927628570079,35.21011919124143
31.12.2024,366,6.682147871000001,18.933712651,[],0.0,0.0,0,0.0,1.6388272875276126,0.0,0.0,1.7280505755502407,0.0,1.6388272875276126,1.7280505755502407,-0.2290275316495029,-0.4074741076947594,16.2900007139978,35.541917095745
