Date,Day,P_from_grid,P_to_grid,P_prosumer,P_dc,P_ch,D. Cycle,D. Earning for Discharge to Grid,D. Earning for PV Feed-in to Grid,D. Opportunity Cost for Not PV Feed-in to Grid ,D. Saving for Avoided Grid Import,D. Cost for Covering Load from Grid,D. Cost for Charging Battery from Grid,D. Total Earnings,D. Energy Cost,D. Net Bill,D. Optimization Profit,Self_Consumption (%),Self_Sufficiency (%)
01.01.2024,1,0.0,11.002014760672925,[],6.600292103,6.456346016327075,0.7826742681133642,0.0,0.0,0.0,1.5345865475054103,0.0,0.0,0.0,0.0,-0.4002180327868853,1.134368514718525,47.806870662140646,100.0
02.01.2024,2,5.181265099151925,0.0,[],3.1571888258480754,0.0,0.3743850143303777,0.0,0.0,0.0,0.7949929364028758,1.3870722540492744,0.0,0.0,1.3870722540492744,0.9868542212623891,-0.9922973504332835,100.0,49.38653281846862
03.01.2024,3,1.844840664,5.555783605707108,[],4.828583665,8.919665405292891,0.5725819595636191,0.0,0.30486235993972655,0.5286804859250547,1.3569654084513527,0.3767259670557661,0.0,0.30486235993972655,0.3767259670557661,-0.32835442567084566,0.35620328262337286,69.22582847142985,82.0039652955299
04.01.2024,4,0.0,4.765701621548444,[],6.686913101000001,7.472550025451556,0.792945938693229,0.0,0.4460844425776057,0.7436072923880882,2.078739885899735,0.0,0.0,0.4460844425776057,0.0,-0.846302475364491,1.3809990033023674,69.86793387964678,100.0
05.01.2024,5,0.0,0.0,[],6.83630368,6.032075096,0.8106609367959209,0.0,0.0,0.6183490700942523,2.099305052719745,0.0,0.0,0.0,0.0,-0.4002180327868853,1.0807379498386074,100.0,100.0
06.01.2024,6,8.491472301216849,0.0,[],1.692263762783152,0.0,0.20067161897108413,0.0,0.0,0.0,0.484733443972982,2.60847409790244,0.0,0.0,2.60847409790244,2.2082560651155547,-2.5239586867163433,100.0,26.915759530878695
07.01.2024,7,8.213111459999999,0.0,[],0.0,0.0,0.0,0.0,0.0,0.0,0.0,2.476144021657064,0.0,0.0,2.476144021657064,2.0759259888701784,-2.876362054443949,100.0,24.095310943069865
08.01.2024,8,1.8205626670000001,0.7912492127071113,[],4.884843397,8.919665405292887,0.5792533377208586,0.0,0.07992369320168057,1.111682009864532,1.6115595310404345,0.5496788905022142,0.0,0.07992369320168057,0.5496788905022142,0.06953716451364833,-0.37009570891151605,94.05646984449149,82.33710712597309
09.01.2024,9,0.0,13.175557216946974,[],6.601794766999999,7.4607892510530265,0.7828524566583661,0.0,1.523566991360951,1.0330862283287634,2.191439559565282,0.0,0.0,1.523566991360951,0.0,-1.9237850241478363,2.2817022898105845,45.890601189038854,100.0
10.01.2024,10,0.0,9.364824168881025,[],6.630211852,7.415554761118976,0.7862222046721216,0.0,1.107570878301564,1.067567777111275,2.212786235168859,0.0,0.0,1.107570878301564,0.0,-1.5077889110884493,1.8525713035722626,54.256507449969206,100.0
11.01.2024,11,0.0,7.591711972476727,[],6.609237925999999,7.409739474523273,0.7837350795683624,0.0,0.8385304644368374,0.9949579677809021,2.1930097913453155,0.0,0.0,0.8385304644368374,0.0,-1.2387484972237228,1.6363642552143651,59.44712300477944,100.0
12.01.2024,12,0.0,10.71724945054451,[],6.6248873139999995,7.411024932455486,0.7855908115735801,0.0,1.3060594422080576,1.0886473917686175,2.125581712764718,0.0,0.0,1.3060594422080576,0.0,-1.706277474994943,1.9427757304172721,50.920974649426206,100.0
13.01.2024,13,0.0,6.295074559370777,[],7.196254966999999,7.082607203629225,0.853344594687537,0.0,0.45020584503185,0.5668052500702279,2.023630041023375,0.0,0.0,0.45020584503185,0.0,-0.8504238778187353,1.506812603198112,64.74495553236866,100.0
14.01.2024,14,0.0,11.494281455956996,[],6.044044595,7.879224872043004,0.7167134584370923,0.0,0.9830227608763021,0.6655466701236098,1.7443416947770718,0.0,0.0,0.9830227608763021,0.0,-1.3832407936631874,1.661599752742879,52.49149727677087,100.0
15.01.2024,15,0.0,1.9594378476822345,[],6.826268639,7.310981283317766,0.8094709639511444,0.0,0.17476797759543736,0.7552483986602058,2.0735925488000544,0.0,0.0,0.17476797759543736,0.0,-0.5749860103823227,1.092894094948401,84.676060068414,100.0
16.01.2024,16,0.0,3.8198057691134473,[],6.578974505,7.534047810886554,0.7801463897782522,0.0,0.424144744735289,1.0932857449140156,2.062621278742599,0.0,0.0,0.424144744735289,0.0,-0.8243627775221742,0.993262245776987,74.73460873651496,100.0
17.01.2024,17,3.8784309599600144,0.0,[],3.4787753380399855,0.3518300419999999,0.4125193096217225,0.0,0.0,0.04647268552155538,1.0693233605571728,1.2615165951413765,0.0,0.0,1.2615165951413765,0.8612985623544912,-0.6388839528926443,100.0,62.50608061986913
18.01.2024,18,3.9809394284729698,0.0,[],2.78335201052703,3.113874186,0.3300547860224155,0.0,0.0,0.39199960370684395,0.8669098734043661,1.1735935995966673,0.0,0.0,1.1735935995966673,0.773375566809782,-1.0989013626860302,100.0,61.51291736300456
19.01.2024,19,1.78981123,1.3545118577071085,[],4.748072128,8.919665405292891,0.5630347596347682,0.0,0.10651374685271972,0.8903202236588847,1.3693608219353925,0.5019198802420701,0.0,0.10651374685271972,0.5019198802420701,-0.004811899397534902,-0.31658356789972825,90.37879143658498,82.69393219594004
20.01.2024,20,0.0,15.100763380425553,[],6.98776242,6.897713086574445,0.8286211810743508,0.0,1.107787460814259,0.5563224373944201,2.0308290164640006,0.0,0.0,1.107787460814259,0.0,-1.5080054936011442,2.182076007096954,43.41695322962719,100.0
21.01.2024,21,0.0,7.24851343543329,[],5.959655629,7.765407259566709,0.706706466144907,0.0,0.3156124728361319,0.40247814805422755,1.5352382306205663,0.0,0.0,0.3156124728361319,0.0,-0.7158305056230172,1.0481545226155853,63.602479113062394,100.0
22.01.2024,22,0.0,0.0,[],6.833530415,4.275838558,0.8103320781453812,0.0,0.0,0.2799801699667584,1.7788220917851596,0.0,0.0,0.0,0.0,-0.4002180327868853,1.0986238890315159,100.0,100.0
23.01.2024,23,1.525746060890835,0.0,[],5.106290432109164,8.687918031,0.6055129173614566,0.0,0.0,0.5380750019900287,1.3719698030283765,0.37654348039135616,0.0,0.0,0.37654348039135616,-0.023674552395529125,0.05713328786010613,100.0,85.22661945749547
24.01.2024,24,0.8694914649021488,0.0,[],5.75335410609785,3.044515639,0.682242868030102,0.0,0.0,0.1365465018802872,1.3661985060016395,0.21032643335650406,0.0,0.0,0.21032643335650406,-0.18989159943038122,0.619107537977963,100.0,91.57632437373807
25.01.2024,25,3.2721144258624997,0.0,[],3.5242043431375003,3.9427025,0.4179063610977707,0.0,0.0,0.3318143536907413,1.1170751223327715,0.8990451239333467,0.0,0.0,0.8990451239333467,0.4988270911464614,-0.5140023880782019,100.0,68.27970432170403
26.01.2024,26,3.9381989116890894,0.0,[],3.48294877131091,3.8965478420000004,0.41301420269309974,0.0,0.0,0.2387460879724427,0.9128112729155762,1.0523777802930747,0.0,0.0,1.0523777802930747,0.6521597475061894,-0.7785306281368264,100.0,61.79571722701702
27.01.2024,27,1.3435836650000001,12.98689923970711,[],5.422675556,8.919665405292891,0.6430304228625636,0.0,0.7426185916927264,0.6511566140761224,1.6019688583772445,0.35013521699005534,0.0,0.7426185916927264,0.35013521699005534,-0.7927014074895563,0.943077586216908,51.49208325836376,88.44967953096663
28.01.2024,28,0.0,15.820466403163616,[],5.7743582909999995,7.593581749836384,0.6847335812877979,0.0,0.6981452476680015,0.43780241012454174,1.5691171286640897,0.0,0.0,0.6981452476680015,0.0,-1.0983632804548868,1.429241933420664,44.397655318912484,100.0
29.01.2024,29,0.0,17.099933691811252,[],6.051720132999999,6.648106667188751,0.7176236372583896,0.0,1.347813658456899,0.6703815189794622,1.8292316642508648,0.0,0.0,1.347813658456899,0.0,-1.748031691243784,2.1064457709414155,38.88131742061885,100.0
30.01.2024,30,0.0,15.765951845318545,[],6.0644918599999995,6.764777056681456,0.7191381311514288,0.0,1.1809628597108288,0.6529049080581901,1.7682324599521455,0.0,0.0,1.1809628597108288,0.0,-1.5811808924977142,1.8960723788178986,41.03519375050116,100.0
31.01.2024,31,0.0,7.522720712046892,[],6.21057801,6.9642111729531075,0.736461284240484,0.0,0.5725500131845258,0.6895426472142644,1.7407762255892065,0.0,0.0,0.5725500131845258,0.0,-0.9727680459714111,1.2235655587725827,59.417904650122736,100.0
01.02.2024,32,4.6842414701519255,0.0,[],3.450792844848075,0.0,0.40920109627037526,0.0,0.0,0.0,0.9379800367807486,1.3934347199950918,0.0,0.0,1.3934347199950918,0.9932166872082066,-0.8556727160012284,100.0,54.29567838711753
02.02.2024,33,5.63554270159044,0.0,[],1.03451423240956,1.1573624720000004,0.12267452062250207,0.0,0.0,0.0872911001839359,0.26790063026036787,1.4896536830966582,0.0,0.0,1.4896536830966582,1.089435650309773,-1.7092621858071113,100.0,44.94736650293943
03.02.2024,34,1.3335872,8.27494773670711,[],5.363968315999999,8.919665405292891,0.6360688148938693,0.0,0.22527701544887815,0.34816074034697087,1.3962546983014126,0.2801869814468556,0.0,0.22527701544887815,0.2801869814468556,-0.3453080667889078,0.5929659591695791,62.45988429412759,88.44967954413544
04.02.2024,35,2.02401533635434,0.0,[],3.9769497366456608,1.5304837269999996,0.47159370765393815,0.0,0.0,0.0045276393652152,0.8882730832401656,0.4455240213561805,0.0,0.0,0.4455240213561805,0.04530598856929524,0.03800338973188455,100.0,81.13245288894208
05.02.2024,36,1.556122991,12.03654289270711,[],4.385387457,8.91966540529289,0.5200269722518677,0.0,0.13034360317790109,0.4909133458155836,1.1695898323880116,0.3277862382816802,0.0,0.13034360317790109,0.3277862382816802,-0.20277539768310618,0.08101581868176361,52.25533722425819,84.7372180370421
06.02.2024,37,0.0,15.524863719371487,[],5.795135684,6.4905208406285135,0.6871974011621014,0.0,0.7403352149014776,0.41118087008887055,1.4729332194490665,0.0,0.0,0.7403352149014776,0.0,-1.1405532476883629,1.4018695314747882,41.195470543758,100.0
07.02.2024,38,0.0,4.623138407058836,[],5.937448995,6.480875857941164,0.7040731643543223,0.0,0.38169302839798885,0.5827194703532548,1.7970309556942132,0.0,0.0,0.38169302839798885,0.0,-0.7819110611848741,1.1957864809520622,69.84548318221059,100.0
08.02.2024,39,0.0,0.0,[],6.126236403000001,3.6291096100000004,0.7264599078619709,0.0,0.0,0.4374559916967535,1.8034936750736175,0.0,0.0,0.0,0.0,-0.4002180327868853,0.9658196505899784,100.0,100.0
09.02.2024,40,0.8423021507053751,4.786085409707109,[],5.145129513294625,8.91966540529289,0.6101185240477441,0.0,0.34563659364886073,0.6434036906853401,1.4956858423077908,0.21791034612526222,0.0,0.34563659364886073,0.21791034612526222,-0.5279442803104838,0.579790366359164,73.18749151285463,91.68661310574004
10.02.2024,41,0.0,4.628943260426529,[],6.556336382,6.596649880573471,0.77746192126171,0.0,0.32873523335658766,0.5219670052421499,1.862258451414924,0.0,0.0,0.32873523335658766,0.0,-0.728953266143473,1.2688086467424768,71.23431864478835,100.0
11.02.2024,42,2.9734458310352947,0.0,[],3.2402387779647057,0.565241706,0.38423322399676335,0.0,0.0,0.0370286927788423,0.8661277816805293,0.8380949756169557,0.0,0.0,0.8380949756169557,0.4378769428300704,-0.4092139195021542,100.0,71.97065960987916
12.02.2024,43,1.40041863,9.369871632707111,[],4.053415873,8.91966540529289,0.48066119684572517,0.0,0.6970523178034076,0.9083947778535381,1.178271755255918,0.38046003544442997,0.0,0.6970523178034076,0.38046003544442997,-0.7168103151458629,0.18625122697447238,59.10788928639021,86.1041167149578
13.02.2024,44,0.0,12.225861133520056,[],5.721384471000001,6.073160200479945,0.6784518523657063,0.0,0.8513320616686323,0.5457577322843765,1.6429498317483597,0.0,0.0,0.8513320616686323,0.0,-1.2515500944555176,1.5483061283457302,45.99046004691585,100.0
14.02.2024,45,0.0,1.549005350056969,[],5.437668603999999,6.401869234943031,0.6448083249140283,0.0,0.11114054347748806,0.4415943946607569,1.52530155911365,0.0,0.0,0.11114054347748806,0.0,-0.5113585762643733,0.7946296751434959,87.65971448937712,100.0
15.02.2024,46,0.0,17.39372751220951,[],5.639701763000001,6.061500473790492,0.6687657729159254,0.0,1.295644976046366,0.5261610677661855,1.572900056087152,0.0,0.0,1.295644976046366,0.0,-1.6958630088332511,1.9421659315804467,37.510405549140714,100.0
16.02.2024,47,0.0,20.228572435898375,[],5.608642554,6.293371992101629,0.6650827171824973,0.0,1.106756589259463,0.44781796638778637,1.536090925727858,0.0,0.0,1.106756589259463,0.0,-1.5069746220463482,1.7948115158126488,34.56017225697391,100.0
17.02.2024,48,0.27230484695109025,0.0,[],7.028327938048909,3.716398877,0.8334315116861034,0.0,0.0,0.2191654098037289,2.00626470258982,0.07513977223719916,0.0,0.0,0.07513977223719916,-0.32507826054968614,1.3117414877620068,100.0,97.58331035024204
18.02.2024,49,1.2605938389999998,14.80027187970711,[],4.092812152,8.91966540529289,0.4853328770307127,0.0,0.5711701640980791,0.3830437865518225,1.1114345168611268,0.3245713478073891,0.0,0.5711701640980791,0.3245713478073891,-0.6468168490775752,0.574771513813109,48.6580329007821,87.94880093280459
19.02.2024,50,0.0,0.7840210188547496,[],5.906957056,6.42137245414525,0.7004573764970948,0.0,0.05260716247004782,0.43124193799645066,1.6363279408629516,0.0,0.0,0.05260716247004782,0.0,-0.4528251952569331,0.8574751325496633,93.01971105630359,100.0
20.02.2024,51,0.0,10.99239094590419,[],5.810447197000001,6.57894823209581,0.689013067354441,0.0,0.6165852228096185,0.5213933456524968,1.5772036828170284,0.0,0.0,0.6165852228096185,0.0,-1.0168032555965039,1.272177527187265,49.27791182367463,100.0
21.02.2024,52,0.0,21.60832382870949,[],5.460511717,6.094611515290513,0.6475171015059884,0.0,1.3074635261651975,0.5211943569042801,1.4173320419217788,0.0,0.0,1.3074635261651975,0.0,-1.7076815589520828,1.8033831783958107,32.7478380150466,100.0
22.02.2024,53,0.0,0.0,[],6.293110918,4.233989684,0.746248181904423,0.0,0.0,0.306066567498352,1.560697783568368,0.0,0.0,0.0,0.0,-0.4002180327868853,0.8544131832831307,100.0,100.0
23.02.2024,54,1.8108084388095105,0.0,[],4.150656476190489,3.231994589,0.49219215892214985,0.0,0.0,0.131292752771433,1.081569381535889,0.4905953821463935,0.0,0.0,0.4905953821463935,0.0903773493595082,0.059463213831177475,100.0,81.59843744876495
24.02.2024,55,1.0783989200000001,14.68652308470711,[],4.814172314,8.91966540529289,0.5708730361674375,0.0,0.5839726817601009,0.5372142968207543,1.3145343766485489,0.2865028769884669,0.0,0.5839726817601009,0.2865028769884669,-0.6976878375585193,0.6745718518125435,49.0040947035829,90.27224910500743
25.02.2024,56,0.0,23.94730439560648,[],5.042571514,6.663134150393522,0.5979570157713744,0.0,1.2708881411501425,0.41851565921971423,1.3982800011221481,0.0,0.0,1.2708881411501425,0.0,-1.6711061739370279,1.8504344502656913,33.212084124817274,100.0
26.02.2024,57,0.0,12.404282698964208,[],5.348656072,5.7401838620357895,0.6342530620182616,0.0,0.7916316004172705,0.46307215966154147,1.4822509331904747,0.0,0.0,0.7916316004172705,0.0,-1.1918496332041557,1.4105923411593184,45.02182055590534,100.0
27.02.2024,58,0.0,3.994285913931978,[],5.380450161000001,6.022247040068022,0.6380232611170402,0.0,0.2494770071801142,0.4673485208941017,1.5698465375140174,0.0,0.0,0.2494770071801142,0.0,-0.6496950399669995,0.9517569910131448,72.21748532383208,100.0
28.02.2024,59,0.0,0.0,[],5.749585106,2.7778170740000006,0.6817959333570497,0.0,0.0,0.21268721112800293,1.6133580132210037,0.0,0.0,0.0,0.0,-0.4002180327868853,1.0004527693061154,100.0,100.0
29.02.2024,60,0.6228186694716533,15.081034146707111,[],4.526516172528346,8.91966540529289,0.5367622640256549,0.0,0.8479210941656637,0.5948436022607988,1.2639247192358498,0.16053621057764017,0.0,0.8479210941656637,0.16053621057764017,-1.0876029163749088,0.9562479677761894,47.158603904831956,93.57178258785464
01.03.2024,61,0.0,8.280352934739193,[],5.336255835,5.677517125260808,0.6327826200640341,0.0,0.5676831798223118,0.48210650239403,1.5194819978130674,0.0,0.0,0.5676831798223118,0.0,-0.967901212609197,1.2048406424544638,54.71226963174113,100.0
02.03.2024,62,0.0,13.132571430309273,[],5.704293016000001,5.95092185869073,0.6764251175145263,0.0,0.7673219047017126,0.37785413611451024,1.6063017564898565,0.0,0.0,0.7673219047017126,0.0,-1.167539937488598,1.595551492290174,45.8691140055053,100.0
03.03.2024,63,0.0,26.79582440368666,[],4.8254970010000005,6.3802859043133395,0.5722159375074114,0.0,1.3015604165443935,0.3583553045568501,1.3548777884116816,0.0,0.0,1.3015604165443935,0.0,-1.7017784493312789,1.89786486761234,30.302430159025718,100.0
04.03.2024,64,0.0,5.227466737709146,[],5.051322077999999,5.2584325242908525,0.5989946730700818,0.0,0.3635666785571779,0.5460431068040421,1.4665331808661943,0.0,0.0,0.3635666785571779,0.0,-0.7637847113440632,0.8838387198324446,65.18546983571896,100.0
05.03.2024,65,0.0,6.5749850743052,[],5.02798817,5.789618490694801,0.5962276971421796,0.0,0.4606951767571402,0.43582258456051287,1.4813703301783963,0.0,0.0,0.4606951767571402,0.0,-0.8609132095440255,1.1060248895881384,61.070316027524655,100.0
06.03.2024,66,1.1928120489544372,0.0,[],4.898668421045563,0.934052238,0.5808927334336017,0.0,0.0,0.0694563501339498,1.508922038510838,0.3414663071860598,0.0,0.0,0.3414663071860598,-0.05875172560082548,0.6977813484039431,100.0,87.47656831693706
07.03.2024,67,1.153909206,7.485822228707111,[],3.815533562,8.91966540529289,0.45245269322898135,0.0,0.48464214268825134,0.7308749277314555,1.1230524630432293,0.3242474603156325,0.0,0.48464214268825134,0.3242474603156325,-0.5606127151595042,0.15235418489750774,64.2378964832047,87.84876669612655
08.03.2024,68,0.0,29.300062417151842,[],4.665849844999999,5.3687621258481535,0.553284696430689,0.0,1.0957164965889312,0.4981268649554547,1.2999600002243665,0.0,0.0,1.0957164965889312,0.0,-1.4959345293758166,1.4973315990709577,25.76723294062009,100.0
09.03.2024,69,0.0,30.26125004304443,[],5.37657511,5.277802401955574,0.637563750741136,0.0,0.48776274849676665,0.2791463032782415,1.4579563285087138,0.0,0.0,0.48776274849676665,0.0,-0.887980781283652,1.2663547409403537,25.86995871191244,100.0
10.03.2024,70,0.0,11.33080138330497,[],4.987152448999999,6.084462119695029,0.5913853253883554,0.0,0.0,0.07687956745989019,1.280193944830452,0.0,0.0,0.0,0.0,-0.4002180327868853,0.8030963445836762,49.222356340537246,100.0
11.03.2024,71,0.0,25.409780570139404,[],4.7100634900000005,5.441895650860598,0.5585276283647574,0.0,1.8512245748571161,0.4857444984080814,1.367520259346898,0.0,0.0,1.8512245748571161,0.0,-2.2514426076440013,2.332782303009047,28.466677598259306,100.0
12.03.2024,72,0.0,15.853709404631903,[],4.620746429,5.265935676368093,0.5479362538835527,0.0,1.3842715526758285,0.5501631106137139,1.426337872826487,0.0,0.0,1.3842715526758285,0.0,-1.7844895854627136,1.8602282821017164,38.66853585249432,100.0
13.03.2024,73,0.0,0.0,[],5.263022309,2.554027655,0.6240984595043282,0.0,0.0,0.1809563967117803,1.504679001816142,0.0,0.0,0.0,0.0,-0.4002180327868853,0.9235045723174763,100.0,100.0
14.03.2024,74,0.0,13.533716322683096,[],4.578529015,8.496467802316904,0.5429300385390727,0.0,0.7111297801989325,0.5625432051176494,1.3044551046406772,0.0,0.0,0.7111297801989325,0.0,-1.1113478129858176,1.052823646935075,49.391571906867576,100.0
15.03.2024,75,0.0,19.508460166613435,[],4.54239523,5.094981114386564,0.5386452306415273,0.0,0.8208885493983217,0.3489278800219292,1.2373089563474768,0.0,0.0,0.8208885493983217,0.0,-1.221106582185207,1.3090515929369841,33.46620159624502,100.0
16.03.2024,76,0.0,12.18923413714546,[],5.25696051,5.145250523854539,0.6233796406972608,0.0,0.37098558645931506,0.26345010372635025,1.453715040637894,0.0,0.0,0.37098558645931506,0.0,-0.7712036192462004,1.1610324905839735,45.82770118843252,100.0
17.03.2024,77,0.0,10.147445209685356,[],4.579403112,5.956192381314644,0.5430336905016009,0.0,0.43965776339566676,0.28573498818612436,1.3016589553355398,0.0,0.0,0.43965776339566676,0.0,-0.839875796182552,1.0553636977581973,52.11107416720518,100.0
18.03.2024,78,0.0,1.9286918932987733,[],4.851166664,5.027728971701227,0.5752598913791059,0.0,0.13717818855357106,0.4288618094036205,1.4954746315355334,0.0,0.0,0.13717818855357106,0.0,-0.5373962213404564,0.8035729778985986,82.89165130538503,100.0
19.03.2024,79,0.0,16.687740215502473,[],4.465959183,5.352275467497526,0.5295813094983992,0.0,1.0312332431745475,0.5338442726756367,1.3956932721456394,0.0,0.0,1.0312332431745475,0.0,-1.4314512759614328,1.492864209857665,37.52535715000763,100.0
20.03.2024,80,0.0,32.645618254320254,[],4.382148971,4.9160720116797485,0.5196429468753705,0.0,2.316115984414502,0.591873669971467,1.4642712778730318,0.0,0.0,2.316115984414502,0.0,-2.7163340172013872,2.788295559529182,22.79728046927166,100.0
21.03.2024,81,0.0,7.21734967470625,[],4.486340999,5.037066666293749,0.5319982211549864,0.0,0.4812270296201718,0.4788326440982033,1.362958221385477,0.0,0.0,0.4812270296201718,0.0,-0.8814450624070571,0.96513457412056,58.37640371129679,100.0
22.03.2024,82,0.0,29.262530022388248,[],4.4326960820000005,4.97858044761175,0.5256369123680777,0.0,1.5741190095615063,0.3564460115052878,1.3200608215205651,0.0,0.0,1.5741190095615063,0.0,-1.9743370423483917,2.137515786789898,25.629179589720465,100.0
23.03.2024,83,0.0,3.0765004863422476,[],4.892382517000001,4.9704391036577515,0.5801473398553302,0.0,0.0,0.1611930901979612,1.2734739603353473,0.0,0.0,0.0,0.0,-0.4002180327868853,0.7120628373505008,77.67508150711984,100.0
24.03.2024,84,0.0,23.777203120802263,[],4.25704391,5.546430281197735,0.5048077682912367,0.0,0.0023151336682012994,0.0017170429853822998,1.1100875346576211,0.0,0.0,0.0023151336682012994,0.0,-0.4025331664550866,0.7104675925535547,31.671671861543913,100.0
25.03.2024,85,0.0,32.95834203112033,[],4.390540751,4.705850071879669,0.5206380589351357,0.0,2.377431849520418,0.5371286709275341,1.3874940184340168,0.0,0.0,2.377431849520418,0.0,-2.7776498823073035,2.8275791642400154,22.835815024768884,100.0
26.03.2024,86,0.0,31.739627992837136,[],4.286603021,4.814909804162868,0.5083129397604649,0.0,1.3067090679939617,0.39669780640706126,1.247019997664303,0.0,0.0,1.3067090679939617,0.0,-1.706927100780847,1.7568132264643177,23.83590578937509,100.0
27.03.2024,87,0.0,18.805560587695503,[],4.3006427369999995,4.792184015304495,0.5099777940234792,0.0,1.225974332957005,0.4172140972232271,1.3005433368638881,0.0,0.0,1.225974332957005,0.0,-1.6261923657438904,1.7090855398107805,34.40274144335183,100.0
28.03.2024,88,0.0,9.62471002959208,[],4.357776099,4.807882956407919,0.5167527687655639,0.0,0.4653004794330074,0.42198032618568965,1.1428997451543625,0.0,0.0,0.4653004794330074,0.0,-0.8655185122198927,0.7860018656147948,50.41927461364809,100.0
29.03.2024,89,0.0,31.65979712432328,[],4.232768846000001,4.871793882676721,0.50192918842642,0.0,0.2575802562527202,0.06666408426224434,1.1870775648732885,0.0,0.0,0.2575802562527202,0.0,-0.6577982890396055,0.977775704076879,23.89913202342774,100.0
30.03.2024,90,0.0,31.17418859718602,[],4.707480549,4.81346140481398,0.5582213386695126,0.0,0.6442977116011797,0.22134840712442103,1.3261584930641388,0.0,0.0,0.6442977116011797,0.0,-1.044515744388065,1.348889764754012,25.139469086812127,100.0
31.03.2024,91,0.0,21.74441542070734,[],4.08809159,5.317937211292659,0.48477310447053246,0.0,0.40176658245477104,0.3327531218470768,1.1528053539460619,1.6652779155634788e-17,0.0,0.40176658245477104,1.6652779155634788e-17,-0.8019846152416563,0.8216007817668708,33.01930488010971,100.0
01.04.2024,92,0.0,12.525628717212182,[],4.212632541,4.433621091787819,0.49954138989683383,0.0,0.25683967569780103,0.2752984377428159,1.0014665954379696,0.0,0.0,0.25683967569780103,0.0,-0.6570577084846863,0.5827898006060694,42.931761819315135,100.0
02.04.2024,93,0.0,32.74778719397391,[],4.103610166999999,4.709396147026085,0.4866133246768647,0.0,0.13308966908140932,0.30663358028729787,1.112778001150294,0.0,0.0,0.13308966908140932,0.0,-0.5333077018682946,0.5390160571575201,22.98533266294524,100.0
03.04.2024,94,0.0,12.894842502625822,[],4.3639437690000005,4.587425148374175,0.5174841419423691,0.0,1.1162226896188092,0.5446013858977049,1.2882142171474138,0.0,0.0,1.1162226896188092,0.0,-1.5164407224056946,1.4596174880816326,42.051510778924055,100.0
04.04.2024,95,0.0,21.690672797307737,[],4.203530947000001,4.878671964692263,0.4984621068421677,0.0,1.407131806070527,0.3941880007570766,1.1638666857723459,0.0,0.0,1.407131806070527,0.0,-1.8073498388574123,1.7765924582989112,31.0657287219614,100.0
05.04.2024,96,0.0,31.124356021908998,[],4.104932179,4.699209761091005,0.4867700911893751,0.0,0.4496910284163023,0.36569148450919764,1.0611601750775264,0.0,0.0,0.4496910284163023,0.0,-0.8499090612031877,0.7449416861977459,23.68589563902808,100.0
06.04.2024,97,0.0,37.15404002852544,[],4.472611806,4.647468222474563,0.5303701892564924,0.0,0.3430049799967937,0.2812361415563915,1.1337330861825892,0.0,0.0,0.3430049799967937,0.0,-0.743223012783679,0.7952838918361061,21.6586977028611,100.0
07.04.2024,98,0.0,37.11873264084754,[],3.908221741,5.0746134641524625,0.46344382082295743,0.0,0.0,0.0,1.0719877253993553,0.0,0.0,0.0,0.0,-0.4002180327868853,0.67176969261247,21.904794912153417,100.0
08.04.2024,99,0.0,38.283921711441735,[],3.932815003,4.235903938558266,0.4663601331673189,0.0,2.7620992659396597,0.6218656331337767,1.192426897636087,0.0,0.0,2.7620992659396597,0.0,-3.162317298726545,2.9324424976550847,19.488621223146037,100.0
09.04.2024,100,0.0,18.150082454043307,[],4.538923262,4.591376201956692,0.5382335185580458,0.0,0.6453898243700662,0.3902948950219719,1.2186982697813924,0.0,0.0,0.6453898243700662,0.0,-1.0456078571569516,1.0735751663426014,33.10582426759016,100.0
10.04.2024,101,0.0,14.353730127000459,[],4.030642879,4.89271274199954,0.4779607350883434,0.0,0.6492621560159748,0.3796369107005406,1.2723483612631417,0.0,0.0,0.6492621560159748,0.0,-1.04948018880286,1.1417555737916905,40.47033468877764,100.0
11.04.2024,102,0.0,34.22474283640883,[],4.008160965,4.685031396591171,0.4752947901102811,0.0,0.3319979569317464,0.2536191784643491,1.222223518939666,0.0,0.0,0.3319979569317464,0.0,-0.7322159897186317,0.9003842646201782,21.796783259376852,100.0
12.04.2024,103,0.0,38.167028675964815,[],3.9695734089999997,4.470163748035193,0.4707190097237044,0.0,0.6394685373336201,0.42780883392208513,1.1857024074489337,0.0,0.0,0.6394685373336201,0.0,-1.0396865701205054,0.9971440780735833,19.641704470912146,100.0
13.04.2024,104,0.0,36.95366690585067,[],4.428835092,4.462646824149331,0.5251790693703309,0.0,0.002142323298067187,0.0953823498670964,1.053470729209688,0.0,0.0,0.002142323298067187,0.0,-0.40236035608495246,0.5600126698537735,21.071712564191493,100.0
14.04.2024,105,0.0,36.77080006920482,[],3.7736326670000007,5.00037269579518,0.44748401126526743,0.0,0.0,0.00776264533925,1.060872841603386,0.0,0.0,0.0,0.0,-0.4002180327868853,0.6528921634772505,21.762870567809582,100.0
15.04.2024,106,0.0,8.39282459221899,[],3.926934866,4.01126751878101,0.46566285616032255,0.0,0.0815149345556537,0.4495369773151342,1.0524302115006798,0.0,0.0,0.0815149345556537,0.0,-0.481732967342539,0.28419013595431397,51.21766019854677,100.0
16.04.2024,107,0.0,34.788585361125286,[],3.734994995,4.3715121378747135,0.44290228803510023,0.0,1.6100633426185131,0.32183466862538046,1.086734649418755,0.0,0.0,1.6100633426185131,0.0,-2.0102813754053983,1.9747452906250023,21.148460059504494,100.0
17.04.2024,108,0.0,10.305006131646971,[],3.811205472,4.144211459353028,0.4519394606901459,0.0,0.8810621677450514,0.4624178209965471,1.2675934198964713,0.0,0.0,0.8810621677450514,0.0,-1.2812802005319366,1.2860197338580903,46.6023485417522,100.0
18.04.2024,109,0.0,20.974716032613923,[],3.6413949020000005,4.228249511386075,0.43180302407209775,0.0,1.7906280386867914,0.5800525917448887,1.1393814110984462,0.0,0.0,1.7906280386867914,0.0,-2.190846071473677,1.9497388252534638,30.521727913401286,100.0
19.04.2024,110,0.0,17.669036382694046,[],3.9180699569999997,4.035778824305958,0.4646116396300249,0.0,0.9707482369062118,0.30428520145930193,1.0491449530123802,0.0,0.0,0.9707482369062118,0.0,-1.370966269693097,1.315389955672405,33.02334198079025,100.0
20.04.2024,111,0.0,26.776422036267505,[],4.073960755,4.4513955507325,0.483097445155935,0.0,0.711245985089036,0.297253673676676,1.1889938025187015,0.0,0.0,0.711245985089036,0.0,-1.1114640178759214,1.2027680811441765,27.088387338474057,100.0
21.04.2024,112,0.0,20.903680573867977,[],3.5499951020000005,4.615597269132019,0.4209646747302265,0.0,0.26142060446885373,0.274511534143651,1.0415546576451482,0.0,0.0,0.26142060446885373,0.0,-0.661638637255739,0.6282456951834657,31.979900079416822,100.0
22.04.2024,113,0.0,16.296842146699493,[],3.694431975,3.8570204183005075,0.43809225364638926,0.0,1.4021986144347267,0.47345929952287114,1.2388349198598414,0.0,0.0,1.4021986144347267,0.0,-1.8024166472216119,1.7673562019848115,34.6945743544937,100.0
23.04.2024,114,0.0,8.285845186449473,[],3.719860478,4.108909242550525,0.44110761034032964,0.0,0.6969993425713819,0.49376293182755115,1.1645432885401352,0.0,0.0,0.6969993425713819,0.0,-1.0972173753582672,0.9675616664970806,51.65114195672589,100.0
24.04.2024,115,0.0,28.53717193407996,[],3.5343788050000007,4.200817644920038,0.41911286671409936,0.0,2.566200720975649,0.49549870335213636,1.1373184778918803,0.0,0.0,2.566200720975649,0.0,-2.9664187537625346,2.807802462728508,24.171521717724595,100.0
25.04.2024,116,0.0,37.00752680328535,[],3.4378995640000003,3.9035257027146466,0.40767218830783825,0.0,2.9518234285961507,0.5111418195030264,1.0995499690854853,0.0,0.0,2.9518234285961507,0.0,-3.352041461383036,3.1400135453917244,19.322694793733177,100.0
26.04.2024,117,0.0,40.799774540237195,[],3.4133583040000004,3.830398923762804,0.4047620424522709,0.0,3.1540087538400163,0.41367106161372214,1.0839907505614728,0.0,0.0,3.1540087538400163,0.0,-3.5542267866269017,3.4241104100008815,17.71342335987116,100.0
27.04.2024,118,0.0,40.510454161806436,[],3.6881106,3.8355340071935604,0.4373426538598364,0.0,0.6829215868358083,0.298268493916065,1.1060997245462088,0.0,0.0,0.6829215868358083,0.0,-1.0831396196226937,1.090534784679067,18.93749144756812,100.0
28.04.2024,119,0.0,37.85056144350565,[],3.273109708,4.175286744494354,0.3881311168030357,0.0,0.0005027938283606002,0.002467020672014,0.8838976139837451,0.0,0.0,0.0005027938283606002,0.0,-0.4007208266152459,0.48171535435320645,19.94823234108609,100.0
29.04.2024,120,0.0,41.667459898986685,[],3.3128475990000004,3.518019351013307,0.39284330594094624,0.0,1.9417811111803405,0.4164920697027914,1.0961486865718553,0.0,0.0,1.9417811111803405,0.0,-2.3419991439672256,2.221219695262519,16.902574717595456,100.0
30.04.2024,121,0.0,39.76023894675369,[],3.321323216,3.7271686772463113,0.3938483595399028,0.0,1.535638634800571,0.37926866913552215,1.003733074139233,0.0,0.0,1.535638634800571,0.0,-1.9358566675874562,1.7598850070173966,17.859083810278317,100.0
01.05.2024,122,0.0,38.59738468085266,[],3.304362051,3.708120591147333,0.3918370747065102,0.0,0.0016506770365358231,0.04350548035951858,0.7889807031672801,0.0,0.0,0.0016506770365358231,0.0,-0.4018687098234211,0.34690786705741194,18.24100305525955,100.0
02.05.2024,123,0.0,32.88288987367699,[],3.275307343,3.6755404053230127,0.3883917162338432,0.0,0.23947946178275764,0.25940675518956713,0.891676272634226,0.0,0.0,0.23947946178275764,0.0,-0.639697494569643,0.4715309464405313,20.68705568169119,100.0
03.05.2024,124,0.0,6.029686673610746,[],3.4746901649999997,3.755727103389254,0.4120348826040556,0.0,0.4050913399124994,0.3218370368731926,1.0575608323689112,0.0,0.0,0.4050913399124994,0.0,-0.8053093726993847,0.7405971026213328,58.29069971519956,100.0
04.05.2024,125,0.0,24.699294393354247,[],3.5604165810000006,3.8463039676457598,0.42220047207399497,0.0,0.8615337191494612,0.34766190436878186,1.1348324689753282,0.0,0.0,0.8615337191494612,0.0,-1.2617517519363464,1.2484862509691226,27.477185164745443,100.0
05.05.2024,126,0.0,28.45760411549454,[],3.1687512119999997,4.047380578505463,0.3757561024546425,0.0,0.17821988800598562,0.19569666552879822,0.9728735938051406,0.0,0.0,0.17821988800598562,0.0,-0.5784379207928709,0.5551787834954427,24.401321316098862,100.0
06.05.2024,127,0.0,29.416057819271334,[],3.7138430099999993,3.42012028572867,0.440394048381359,0.0,2.512232173317339,0.42590708739501854,1.1818187592398066,0.0,0.0,2.512232173317339,0.0,-2.9124502061042246,2.8679258123752422,20.875551352305532,100.0
07.05.2024,128,0.0,12.500772019852253,[],3.440854859,4.204096897147749,0.4080226323965374,0.0,1.036416229745657,0.5041935650332506,1.112322685149704,0.0,0.0,1.036416229745657,0.0,-1.4366342625325421,1.244327317075225,41.2798558425903,100.0
08.05.2024,129,0.0,0.0,[],4.013900962999999,1.368654347,0.4759754491877149,0.0,0.0,0.1075804119364913,1.274597474524478,0.0,0.0,0.0,0.0,-0.4002180327868853,0.7667990298011015,100.0,100.0
09.05.2024,130,0.0,17.60346247398828,[],3.1764227860000003,6.914615077011724,0.3766658112178347,0.0,0.07382887259519881,0.321190467860429,1.0121968191146666,0.0,0.0,0.07382887259519881,0.0,-0.4740469053820841,0.3646171910625513,39.9349048682963,100.0
10.05.2024,131,0.0,37.621671678752584,[],3.141312978,3.5511647392474184,0.37250242831732483,0.0,0.8691150759352206,0.39539525876758574,1.0455887078712776,0.0,0.0,0.8691150759352206,0.0,-1.269333108722106,1.119090492252027,18.156876049687398,100.0
11.05.2024,132,0.0,42.19119470490715,[],3.422758504,3.566136531092849,0.40587673473259817,0.0,0.1914098426294108,0.2732320478963787,1.0458590301025479,0.0,0.0,0.1914098426294108,0.0,-0.591627875416296,0.5638187920486947,17.55456305463398,100.0
12.05.2024,133,0.0,42.33581213182172,[],3.037378477,3.8918327681782845,0.3601776920431638,0.0,0.007085832132500001,0.0173506971155315,0.7767180761880197,0.0,0.0,0.007085832132500001,0.0,-0.4073038649193853,0.36623517841810294,17.450922639030566,100.0
13.05.2024,134,0.0,32.57622997657255,[],3.106810004,3.2764135044274507,0.36841100486185224,0.0,0.33366164878401416,0.30552349966947134,0.9004591078089988,0.0,0.0,0.33366164878401416,0.0,-0.7338796815708994,0.5283792241366564,19.756074410823075,100.0
14.05.2024,135,0.0,42.597026696981146,[],3.0633522569999996,3.4733773990188563,0.3632577086446105,0.0,0.12808475843103656,0.2344666866254118,0.8016425183514523,0.0,0.0,0.12808475843103656,0.0,-0.5283027912179219,0.2950425573701918,16.19652763139732,100.0
15.05.2024,136,0.0,23.935161449592442,[],3.1974840749999998,3.4957064714075567,0.3791632959800783,0.0,0.3617002511091865,0.3090853226846414,0.8843217757245241,0.0,0.0,0.3617002511091865,0.0,-0.7619182838960719,0.5367186713621839,26.057249797126975,100.0
16.05.2024,137,0.0,33.42087055787694,[],3.202191537,3.632406869123068,0.3797215151191747,0.0,0.3027920579029216,0.34286861023714155,0.9172699278161428,0.0,0.0,0.3027920579029216,0.0,-0.7030100906898069,0.4769753426950376,20.348509864720672,100.0
17.05.2024,138,0.0,15.75529619101134,[],3.2790050250000005,3.652262536988661,0.3888301938811811,0.0,0.7674980667244198,0.33490061649675085,0.9638413015442189,0.0,0.0,0.7674980667244198,0.0,-1.167716099511305,0.9962207189850026,34.91691777475116,100.0
18.05.2024,139,0.0,37.67381430601142,[],3.527116958,3.776129501988578,0.4182517441005574,0.0,0.35119283147321634,0.264125877183279,1.0939615306081225,0.0,0.0,0.35119283147321634,0.0,-0.7514108642601016,0.7808104521111742,19.15641663527692,100.0
19.05.2024,140,0.0,37.814048954988294,[],3.173079898,3.9510028170117097,0.3762694056682082,0.0,0.09824032368145093,0.24008605276048625,0.9858036158128828,0.0,0.0,0.09824032368145093,0.0,-0.4984583564683362,0.44373985394696214,19.079257339228047,100.0
20.05.2024,141,0.0,39.307261267402005,[],3.195852294,3.4546515765979953,0.37896979651369617,0.0,0.4068157959752012,0.33638722002860183,1.0046149944983498,1.8258655698488724e-17,0.0,0.4068157959752012,1.8258655698488724e-17,-0.8070338287620864,0.674825537658064,17.35625852999498,100.0
21.05.2024,142,0.0,5.481783683858401,[],3.4667000459999997,3.510629866141599,0.41108740021344725,0.0,0.26764381470679816,0.3686071589689369,1.0305402453730057,0.0,0.0,0.26764381470679816,0.0,-0.6678618474936835,0.5293588683239816,59.37879040883214,100.0
22.05.2024,143,0.0,32.88174446775556,[],3.12253924,3.8720864312444414,0.37027620538361206,0.0,2.35402914389314,0.4142410421166457,1.0057759194451288,0.0,0.0,2.35402914389314,0.0,-2.7542471766800256,2.5453459884347382,20.907395981420223,100.0
23.05.2024,144,0.0,26.686227980776483,[],3.29984247,3.5501163712235204,0.39130113482746354,0.0,1.8154030921587907,0.4188237151991898,1.131422315471595,0.0,0.0,1.8154030921587907,0.0,-2.215621124945676,2.12778365964431,23.431066083448222,100.0
24.05.2024,145,0.0,30.396009259248213,[],3.1421364929999998,3.6727269937517844,0.3726000821771612,0.0,3.0510177496091258,0.4821649815827388,1.0129056872631579,1.9339368995119344e-17,0.0,3.0510177496091258,1.9339368995119344e-17,-3.451235782396011,3.18154042250266,21.693299620128364,100.0
25.05.2024,146,0.0,24.39756896568111,[],3.261898307,3.458443952318888,0.3868016491165659,0.0,0.723926318582579,0.3093766770754876,1.07292813529422,0.0,0.0,0.723926318582579,0.0,-1.1241443513694644,1.087259744014426,26.225724141778585,100.0
26.05.2024,147,0.0,37.0382544256986,[],2.9582277599999998,3.7535505893013985,0.35079186054784783,0.0,0.1474286580772607,0.19260058051732243,0.9328882745190396,0.0,0.0,0.1474286580772607,0.0,-0.547646690864146,0.48749831929209253,19.102336285234045,100.0
27.05.2024,148,0.0,26.23228554098167,[],3.1249471570000003,3.2214237130183303,0.3705617404245228,0.0,2.4270731712109885,0.4459110263408965,1.1193462327468833,0.0,0.0,2.4270731712109885,0.0,-2.827291203997874,2.7002903448300897,23.168932835846597,100.0
28.05.2024,149,0.0,21.41248209225248,[],2.955612597,3.3962088157475225,0.3504817499110637,0.0,1.4767523953628579,0.3492057060553301,0.9460908601274144,0.0,0.0,1.4767523953628579,0.0,-1.8769704281497432,1.6734195166480568,27.7643384995207,100.0
29.05.2024,150,0.0,30.661816592759692,[],3.1150070749999994,3.393612240240308,0.3693830279852959,0.0,2.1436811087515832,0.3181985069052673,0.9935622767508308,0.0,0.0,2.1436811087515832,0.0,-2.5438991415384686,2.418826845810262,20.782091677943125,100.0
30.05.2024,151,0.0,25.32404436201271,[],3.1189808469999996,3.48568963198729,0.3698542448713387,0.0,2.078050516873709,0.3827008715846862,1.0448184463670622,0.0,0.0,2.078050516873709,0.0,-2.4782685496605943,2.339950058869199,24.25243427981884,100.0
31.05.2024,152,0.0,0.0,[],3.6353121270000006,2.2387099850000003,0.43108171789398797,0.0,0.0,0.20992678683283808,1.1162772395769585,0.0,0.0,0.0,0.0,-0.4002180327868853,0.5061324199572349,100.0,100.0
01.06.2024,153,0.0,0.0,[],4.207195260000001,0.557615894,0.4988966275346851,0.0,0.0,0.0008339272126138006,1.1786910900654621,0.0,0.0,0.0,0.0,-0.4002180327868853,0.777639130065963,100.0,100.0
02.06.2024,154,0.5000679145783787,14.472740191707109,[],2.3719559434216215,8.919665405292891,0.28127071545376753,0.0,0.0030336640358235,0.0,0.7201159340828512,0.10421728938311177,0.0,0.0030336640358235,0.10421728938311177,-0.299034407439597,0.21871427594867765,48.86266849934804,93.57349052629863
03.06.2024,155,0.0,4.815027769139023,[],3.050596694,3.1493387428609765,0.36174513150717413,0.0,0.40489612587405416,0.35947662905570055,1.1280354784378925,0.0,0.0,0.40489612587405416,0.0,-0.8051141586609394,0.7732369424693611,61.67506052178232,100.0
04.06.2024,156,0.0,28.577363260938075,[],2.798942237,3.3620686990619286,0.33190350254950796,0.0,2.246888873565024,0.5995172057841994,0.9582800455446085,0.0,0.0,2.246888873565024,0.0,-2.6471069063519095,2.2054336805385475,22.27766319708458,100.0
05.06.2024,157,0.0,37.34611494755098,[],2.811593778,3.085892368449021,0.33340374457488436,0.0,2.037490935589228,0.42214184253379317,0.9321052550959505,0.0,0.0,2.037490935589228,0.0,-2.4377089683761133,2.1472363153645,17.425144383331308,100.0
06.06.2024,158,0.0,32.0657712713964,[],2.876815166,3.261898314603597,0.34113781169216173,0.0,1.3096136140116539,0.4087159884148521,0.9834057400095998,0.0,0.0,1.3096136140116539,0.0,-1.709831646798539,1.4840853328195163,19.908367122649548,100.0
07.06.2024,159,0.0,31.01093875974942,[],2.8152878190000004,3.1968645932505817,0.3338417904660263,0.0,1.2458257407733102,0.3973748429706402,0.9482239731026706,0.0,0.0,1.2458257407733102,0.0,-1.6460437735601956,1.3964568381184552,20.397746590129728,100.0
08.06.2024,160,0.0,29.325393195288,[],3.306942686,3.2342906657120007,0.39214309095221156,0.0,0.08620701781959315,0.18165492811283904,0.9768833063662465,0.0,0.0,0.08620701781959315,0.0,-0.48642505060647845,0.4812173632861153,21.55752322397095,100.0
09.06.2024,161,0.0,21.946496405818994,[],3.02286334,3.690711971181008,0.3584564615202182,0.0,0.0,0.0,0.8901784927873844,0.0,0.0,0.0,0.0,-0.4002180327868853,0.4899604600004991,27.440404654910754,100.0
10.06.2024,162,0.0,22.24093279991768,[],2.705812278,3.248596204082319,0.3208599879046603,0.0,1.801003880502694,0.4319646482325953,0.8215070058217883,0.0,0.0,1.801003880502694,0.0,-2.2012219132895794,1.7903282053050016,26.57120288949453,100.0
11.06.2024,163,0.0,8.71605959670742,[],2.901611076,3.0224930452925807,0.3440781543934543,0.0,0.0837635323237331,0.18282283235002833,0.8994361350861627,0.0,0.0,0.0837635323237331,0.0,-0.4839815651106184,0.4001588022729823,46.60381017076966,100.0
12.06.2024,164,0.0,30.94711385085191,[],2.7252954380000003,3.2445179061480904,0.32317033534922335,0.0,1.9007533803356949,0.45464689516379664,0.9221570355804705,0.0,0.0,1.9007533803356949,0.0,-2.3009714131225802,1.9680454879654836,20.514387502991127,100.0
13.06.2024,165,0.0,35.636932227388876,[],2.682036542,3.022315988611127,0.3180406192339618,0.0,2.2810054720517905,0.41418636793896146,0.907806795403122,0.0,0.0,2.2810054720517905,0.0,-2.681223504838676,2.374407866729065,17.93832057339697,100.0
14.06.2024,166,0.0,18.75515316321577,[],2.6652711179999997,2.985367193784227,0.31605254571326924,0.0,1.2004121031617516,0.3215969375556253,0.7982180668040516,3.609956777950174e-18,0.0,1.2004121031617516,3.609956777950174e-18,-1.600630135948637,1.2768151996232926,29.245549875780686,100.0
15.06.2024,167,0.0,11.196720539259065,[],3.499015613,3.158210002740935,0.4149194370923752,0.0,0.0,0.0,0.8717444299003284,0.0,0.0,0.0,0.0,-0.4002180327868853,0.47152639711344313,40.5945392063937,100.0
16.06.2024,168,0.0,26.738412289945988,[],2.572681656,3.8802301950540077,0.30507312415510496,0.0,0.041267001893063204,0.0,0.7479353273431383,0.0,0.0,0.041267001893063204,0.0,-0.4414850346799485,0.3889842964493162,24.785034713239938,100.0
17.06.2024,169,0.0,36.74174342053759,[],2.658088439,2.7379558854624078,0.3152008109806712,0.0,2.193045009881806,0.3784589243411892,0.9426667368784688,0.0,0.0,2.193045009881806,0.0,-2.5932630426686916,2.3570347896322015,16.880309139497808,100.0
18.06.2024,170,0.0,40.75654053186349,[],2.6568003160000004,3.061870207136505,0.3150480630854975,0.0,2.801907411081596,0.3921356207001474,0.8810743678428865,0.0,0.0,2.801907411081596,0.0,-3.202125443868481,2.890628125437449,16.013581851132244,100.0
19.06.2024,171,0.0,40.17731223358648,[],2.7138970700000002,2.9780408254135207,0.32181869678643427,0.0,2.368222546264796,0.3698870781435061,0.8658172857585291,0.0,0.0,2.368222546264796,0.0,-2.7684405790516813,2.4639347210929334,15.932901187258034,100.0
20.06.2024,172,0.0,23.27993085128661,[],2.689484537,3.002730177713387,0.3189238156053599,0.0,1.6971308290429967,0.35543029941228277,0.9053553851576649,0.0,0.0,1.6971308290429967,0.0,-2.097348861829882,1.8468378820014935,24.730350700727712,100.0
21.06.2024,173,0.0,23.67873997976138,[],2.8191862710000004,2.9409738022386183,0.3343040757737461,0.0,2.327904235049421,0.37574810761901056,0.8741199314596324,0.0,0.0,2.327904235049421,0.0,-2.7281222678363064,2.4260580261031577,23.915293956506837,100.0
22.06.2024,174,0.0,30.557568333931936,[],3.0401055249999995,3.2565579920680667,0.36050107020040323,0.0,0.23255398618086404,0.15536192243696462,0.9471914348709181,0.0,0.0,0.23255398618086404,0.0,-0.6327720189677493,0.6241654658279324,20.937178965542707,100.0
23.06.2024,175,0.0,10.562167862247708,[],2.727695733,3.4806140727522923,0.3234549665599431,0.0,0.0579930662840199,0.038264326823068295,0.8525987032440459,0.0,0.0,0.0579930662840199,0.0,-0.4582110990709052,0.4721094099181121,43.5546920845007,100.0
24.06.2024,176,0.0,36.121194997421824,[],2.635128262,2.9805887095781753,0.31247815273330964,0.0,1.8816302159594356,0.4049145851602026,0.9036215001983795,0.0,0.0,1.8816302159594356,0.0,-2.281848248746321,1.9801190982107273,17.431474263557707,100.0
25.06.2024,177,0.0,42.56331951839785,[],2.6512462790000004,2.94165898160216,0.3143894555911301,0.0,1.2103866817801525,0.37112594720208236,0.8526120412744554,0.0,0.0,1.2103866817801525,0.0,-1.610604714567038,1.29165474306564,15.079478937769327,100.0
26.06.2024,178,0.0,29.017088393694415,[],2.779240005,2.962513470305587,0.32956717716115264,0.0,2.7433527653767444,0.40745506534642534,0.9158676276658396,0.0,0.0,2.7433527653767444,0.0,-3.14357079816363,2.851547294909273,20.404770567310962,100.0
27.06.2024,179,0.0,26.491038049619227,[],2.560808075,3.0354016993807718,0.30366513399739115,0.0,1.535587839692098,0.4038651568815931,0.8960587356333697,0.0,0.0,1.535587839692098,0.0,-1.935805872478983,1.6275633856569889,22.562067407356494,100.0
28.06.2024,180,0.0,33.40398370852293,[],2.6130755199999998,2.91988153447707,0.30986309972726195,0.0,0.5001526386480911,0.31788386551509906,0.8511151031663715,0.0,0.0,0.5001526386480911,0.0,-0.9003706714349764,0.6331658435124782,18.41407073343713,100.0
29.06.2024,181,0.0,38.1721774993239,[],2.945922714,3.032640554676095,0.34933270651013876,0.0,0.3352294276537387,0.25114170612267306,0.949888439185758,0.0,0.0,0.3352294276537387,0.0,-0.735447460440624,0.6337581279299386,17.09410512131675,100.0
30.06.2024,182,0.0,17.189406826558873,[],2.7658839349999997,3.359498209441128,0.327983390845488,0.0,0.06758268017207439,0.027573952133876402,0.8249050580837475,0.0,0.0,0.06758268017207439,0.0,-0.46780071295895964,0.4646957533350602,31.508411535290783,100.0
01.07.2024,183,0.0,23.361769807982505,[],2.7269358250000004,2.8554933630174917,0.3233648553302502,0.0,1.8100773992954104,0.43521904692218116,0.8799966758669466,0.0,0.0,1.8100773992954104,0.0,-2.2102954320822956,1.8546369954532906,23.883329320586245,100.0
02.07.2024,184,0.0,24.416721559496413,[],2.821854023,3.0449205945035835,0.33462042250681845,0.0,1.936814371960502,0.331182250218512,0.8702223346484869,0.0,0.0,1.936814371960502,0.0,-2.3370324047473874,2.0756364236035916,23.295561241409636,100.0
03.07.2024,185,0.0,15.001437713575195,[],2.892309984,3.1907784674248054,0.3429752145144076,0.0,1.1525453752616135,0.28616507756269544,0.903266354988017,0.0,0.0,1.1525453752616135,0.0,-1.5527634080484987,1.36942861990005,33.27806788290156,100.0
04.07.2024,186,0.0,23.36657037355477,[],2.617760147,3.2084391864452315,0.3104186110518202,0.0,0.04367853435845976,0.09916564572598845,0.7179337732609039,0.0,0.0,0.04367853435845976,0.0,-0.44389656714534503,0.2622286291064899,24.94484986869913,100.0
05.07.2024,187,0.0,33.19833059407532,[],2.580788653,2.931978914924679,0.3060344661449069,0.0,0.10244029266997427,0.11141448624236393,0.7769999514331906,0.0,0.0,0.10244029266997427,0.0,-0.5026583254568595,0.36780772507391557,18.465611788323493,100.0
06.07.2024,188,0.0,32.012286137271104,[],3.2641767480000006,3.08718617672889,0.38707183066524364,0.0,0.0,0.0,0.7010870270384211,0.0,0.0,0.0,0.0,-0.4002180327868853,0.3008689942515358,19.064219449079438,100.0
07.07.2024,189,0.0,4.771956815818777,[],2.8590396030000003,3.706488993181223,0.33902995410885806,0.0,0.031559850601643104,0.0,0.8222481671106829,0.0,0.0,0.031559850601643104,0.0,-0.4317778833885284,0.45358998492544067,62.934517842858405,100.0
08.07.2024,190,0.0,25.70779673033826,[],2.628673152,2.9898027006617385,0.31171269441479904,0.0,1.145271437515728,0.3629840637540481,0.9305495904224786,0.0,0.0,1.145271437515728,0.0,-1.5454894703026132,1.3126189313972731,22.60373000913214,100.0
09.07.2024,191,0.0,38.40523585396815,[],2.701776632,3.019731217031847,0.32038143389066764,0.0,1.2547325621091632,0.3257481962341221,0.8394313660726571,0.0,0.0,1.2547325621091632,0.0,-1.6549505948960483,1.3681976991608131,16.26316027090993,100.0
10.07.2024,192,0.0,28.890003019967402,[],2.746572169,3.0073285320326004,0.3256933676034626,0.0,1.8975362117867258,0.33219675351142575,0.883344514609378,0.0,0.0,1.8975362117867258,0.0,-2.297754244573611,2.0484659400977936,20.383390781367172,100.0
11.07.2024,193,0.0,31.869142013860106,[],2.6822572520000003,3.0753248211398936,0.3180667914146804,0.0,2.1039125919937325,0.3737995340212574,0.9110438242475601,0.0,0.0,2.1039125919937325,0.0,-2.504130624780618,2.24093884943315,19.099433105362984,100.0
12.07.2024,194,0.0,16.019040434526207,[],2.76858489,3.0206043004737904,0.3283036748488083,0.0,1.4863307461289264,0.36344554283838093,0.8146761782085058,0.0,0.0,1.4863307461289264,0.0,-1.8865487789158117,1.5373433487121662,31.53510254445575,100.0
13.07.2024,195,0.0,19.03464904729427,[],2.918160671,3.03106851670573,0.34604063453100914,0.0,0.057752822149036126,0.07023123332652298,0.7933536395400168,0.0,0.0,0.057752822149036126,0.0,-0.4579708549359214,0.3806571955756447,29.039922044540678,100.0
14.07.2024,196,0.0,34.04785040832453,[],2.752282137,3.4387760956754745,0.32637046567057987,0.0,0.0192943017926038,0.0229808392502708,0.8139198457060333,0.0,0.0,0.0192943017926038,0.0,-0.41951233457948905,0.41001527546148087,18.846231680030435,100.0
15.07.2024,197,0.0,41.51940170924,[],2.71941058,2.97287555476,0.32247249851772797,0.0,0.9314346135904388,0.38289235682890926,0.9042449452848142,0.0,0.0,0.9314346135904388,0.0,-1.3316526463773242,1.052569169259458,15.0743540168397,100.0
16.07.2024,198,0.0,27.77638128534714,[],2.803674677,3.0379675976528624,0.33246468362385867,0.0,0.0800663023865881,0.20372825561331556,0.8402444467439163,0.0,0.0,0.0800663023865881,0.0,-0.48028433517347335,0.31636446073030344,20.920322307132242,100.0
17.07.2024,199,0.0,20.343785735202673,[],2.686899737,3.0713872607973314,0.31861730546661926,0.0,0.681480974573073,0.3402152743226826,0.887010333394405,0.0,0.0,0.681480974573073,0.0,-1.0816990073599584,0.8280580008579103,26.926773544200987,100.0
18.07.2024,200,0.0,23.391464080161043,[],2.725620019,3.0749503588389615,0.3232088247361556,0.0,1.424738325251356,0.3420723266072181,0.9549680340150746,0.0,0.0,1.424738325251356,0.0,-1.824956358038241,1.637415999872327,24.18026657561724,100.0
19.07.2024,201,0.0,38.62750259712104,[],2.6600378170000005,2.9112525778789635,0.3154319716589588,0.0,2.212154520567914,0.3299319873754457,0.8766250834164828,0.0,0.0,2.212154520567914,0.0,-2.6123725533547995,2.3586295838220654,16.006115440989394,100.0
20.07.2024,202,0.0,35.09021391326661,[],2.865870479,3.0454145907333956,0.3398399714217954,0.0,0.3372577758133702,0.2589162624796826,0.8828329849039327,0.0,0.0,0.3372577758133702,0.0,-0.7374758086002555,0.5609564654507351,18.266545396736415,100.0
21.07.2024,203,0.0,40.13292830471267,[],2.722890317,3.2391339232873353,0.3228851318629195,0.0,0.24004638791454105,0.18781056124669587,0.8580887714008723,0.0,0.0,0.24004638791454105,0.0,-0.6402644207014263,0.5101065652818321,16.14482587793647,100.0
22.07.2024,204,0.0,22.596411234839152,[],2.6567723890000003,2.943828095160847,0.31504475145262656,0.0,1.3355713617580443,0.4144721914383679,0.9013885003834944,0.0,0.0,1.3355713617580443,0.0,-1.7357893945449296,1.4222696379162856,24.662605978082922,100.0
23.07.2024,205,0.0,26.124782808996468,[],2.7270171100000002,2.972365208003535,0.32337449424878456,0.0,1.3531160960612763,0.35855126675509424,0.8347778514658619,0.0,0.0,1.3531160960612763,0.0,-1.7533341288481616,1.4291246479851587,21.972303279899894,100.0
24.07.2024,206,0.0,29.249094826417757,[],2.692753457,3.0509964725822414,0.3193114498992055,0.0,0.656486273413809,0.36714401746433833,0.8399761116489587,0.0,0.0,0.656486273413809,0.0,-1.0567043062006944,0.729100334811544,20.34619136361755,100.0
25.07.2024,207,0.0,37.123436183961914,[],2.6737415350000004,3.012709021038088,0.3170569826870627,0.0,1.5134656520909409,0.33892229495442205,0.8627910032189117,0.0,0.0,1.5134656520909409,0.0,-1.9136836848778263,1.6371163275685445,16.72155034654869,100.0
26.07.2024,208,0.0,33.09274663346905,[],2.705339102,3.04006774253095,0.320803877860785,0.0,2.6780878704394415,0.35800035790787144,0.877710123925839,0.0,0.0,2.6780878704394415,0.0,-3.078305903226327,2.797579603670524,18.380608884069876,100.0
27.07.2024,209,0.0,38.48334652369439,[],2.916899809,3.0598689463056106,0.34589111929325267,0.0,1.577829539742392,0.27621681488491584,0.9468551355203558,0.0,0.0,1.577829539742392,0.0,-1.9780475725292774,1.8482498275909465,16.88521205561886,100.0
28.07.2024,210,0.0,22.003037255419073,[],2.640411757,3.284712257580928,0.3131046788805882,0.0,0.024326952011247596,0.06720142303280491,0.8160313876518192,0.0,0.0,0.024326952011247596,0.0,-0.42454498479813285,0.3729388838433766,26.345235138334093,100.0
29.07.2024,211,0.0,43.726177282309465,[],2.7364600510000003,2.916700312690537,0.32449425483220684,0.0,0.6873917742263917,0.35174728945361383,0.8951747601442803,0.0,0.0,0.6873917742263917,0.0,-1.0876098070132771,0.8306012121301732,14.321363243775984,100.0
30.07.2024,212,0.0,43.272374445033776,[],2.7689931089999997,3.0672089779662253,0.3283520821771611,0.0,1.026975295129777,0.3565462816456129,0.9314368262798136,0.0,0.0,1.026975295129777,0.0,-1.4271933279166622,1.2016478069770926,14.656758394757215,100.0
31.07.2024,213,0.0,41.692880675582906,[],2.8087789810000006,3.103939247417088,0.3330699609866002,0.0,1.5516697563471882,0.3465106237373379,0.9008040102667948,0.0,0.0,1.5516697563471882,0.0,-1.9518877891340733,1.7057451100897598,15.131642514897358,100.0
01.08.2024,214,0.0,32.67355001833998,[],2.8710644760000004,3.1475199176600226,0.3404558847385272,0.0,2.499824833208155,0.3724923992698881,0.936143261592544,0.0,0.0,2.499824833208155,0.0,-2.9000428659950406,2.6632576627439253,18.507938491170865,100.0
02.08.2024,215,0.0,26.3936174032906,[],2.7666455169999997,3.1317665807093995,0.3280737005810507,0.0,2.1014553858609255,0.3977440424990095,0.907800387082837,0.0,0.0,2.1014553858609255,0.0,-2.501673418647811,2.2112936976578674,22.163471098840606,100.0
03.08.2024,216,0.0,29.412467792561824,[],2.9882259010000003,3.165775377438177,0.3543490929681015,0.0,0.5712537471873498,0.30831366005867283,0.9794904536121043,0.0,0.0,0.5712537471873498,0.0,-0.9714717799742351,0.8422125079538959,21.154709757614338,100.0
04.08.2024,217,0.0,28.498931970702245,[],2.8046087859999997,3.4026968702977562,0.3325754519150955,0.0,0.18127340856576105,0.24374029047568097,0.9058424257456854,0.0,0.0,0.18127340856576105,0.0,-0.5814914413526463,0.44315751104888,21.626603340914095,100.0
05.08.2024,218,0.0,16.127643568716934,[],2.835630762,3.0729268762830664,0.3362540924937744,0.0,0.9748727628893715,0.37679721657427345,1.017855396767751,0.0,0.0,0.9748727628893715,0.0,-1.3750907956762568,1.2157129102959638,31.478685586641213,100.0
06.08.2024,219,0.0,41.046196843168325,[],2.8818660350000003,3.212865182831668,0.34173675263844416,0.0,1.065435878556001,0.35882640204325084,1.031648034176464,0.0,0.0,1.065435878556001,0.0,-1.4656539113428861,1.3380394779023286,15.468146594814582,100.0
07.08.2024,220,0.0,25.00038429180725,[],2.9188185890000002,3.2296480021927487,0.3461186516067829,0.0,1.6866784935770496,0.4124572783212549,0.9602650769785548,0.0,0.0,1.6866784935770496,0.0,-2.086896526363935,1.8342682594474633,23.075093676094763,100.0
08.08.2024,221,0.0,19.273520575500985,[],2.828169494,3.1581146214990117,0.3353693221866477,0.0,1.1955796120831028,0.4076971725523403,0.957945184870328,0.0,0.0,1.1955796120831028,0.0,-1.5957976448699882,1.3456095916142052,28.08683865294361,100.0
09.08.2024,222,0.0,35.70866859157779,[],2.932070808,3.2738543824222046,0.34769012308786906,0.0,0.17078115789652376,0.23892776700324,0.9056557813660215,0.0,0.0,0.17078115789652376,0.0,-0.5709991906834091,0.43729113947242004,17.45131045489911,100.0
10.08.2024,223,0.0,32.06708066310959,[],3.129447689,3.3301896828904014,0.37109542143958263,0.0,0.03347910123437607,0.16006201299230954,1.016527997907749,0.0,0.0,0.03347910123437607,0.0,-0.43369713402126137,0.4897270533629303,19.92626736577273,100.0
11.08.2024,224,0.0,39.461800249156205,[],2.8982136240000003,3.542933174843794,0.3436752785485592,0.0,0.04896050297334414,0.15871563894694107,0.9526927870211236,0.0,0.0,0.04896050297334414,0.0,-0.4491785357602294,0.44271961826064143,16.812679200331882,100.0
12.08.2024,225,0.0,32.223255092836354,[],2.978129933,3.1727737261636397,0.353151895292304,0.0,0.8800204513420345,0.45982967750590453,1.0582122237593694,0.0,0.0,0.8800204513420345,0.0,-1.2802384841289198,1.0781849648086141,18.74495259599865,100.0
13.08.2024,226,0.0,36.87804367399842,[],3.042666134,3.3365499270015824,0.36080471172773637,0.0,2.2953217705658164,0.4567610434697804,1.0633952120413568,0.0,0.0,2.2953217705658164,0.0,-2.695539803352702,2.5017379063505074,16.983447411721862,100.0
14.08.2024,227,0.0,36.05272045151623,[],2.997438504,3.410546596483771,0.35544153966559944,0.0,3.193043848268674,0.4783172166556968,1.0654978352411875,0.0,0.0,3.193043848268674,0.0,-3.593261881055559,3.3800064340672784,17.553199712192733,100.0
15.08.2024,228,0.0,37.1024564712605,[],2.967393095,3.317281800739493,0.3518787021226135,0.0,1.0523478878001642,0.4287188533068861,1.0117300521777888,0.0,0.0,1.0523478878001642,0.0,-1.4525659205870496,1.2351410538841816,17.047789730353717,100.0
16.08.2024,229,0.0,31.780422485908574,[],3.029770683,3.384963805091431,0.3592755464247599,0.0,2.1640459595138135,0.4821939480721029,1.1353871998366303,0.0,0.0,2.1640459595138135,0.0,-2.564263992300699,2.417021178491455,19.387689400401364,100.0
17.08.2024,230,0.0,14.396460422646445,[],3.3033075490000003,3.4101651453535546,0.3917120300011858,0.0,0.6782876821618637,0.3311504848711222,1.1192599883599095,0.0,0.0,0.6782876821618637,0.0,-1.078505714948749,1.066179152863766,35.653355887251834,100.0
18.08.2024,231,0.0,6.636081045594335,[],3.191902103,3.721668749405665,0.3785013759041859,0.0,0.3573227579262699,0.31728543993438263,1.0237820484779947,0.0,0.0,0.3573227579262699,0.0,-0.7575407907131552,0.6636013336829966,54.502224669005315,100.0
19.08.2024,232,0.0,0.0,[],4.277037098999999,0.561774107,0.5071785958733547,0.0,0.0,0.0493795056372959,1.4644832840414974,0.0,0.0,0.0,0.0,-0.4002180327868853,1.0148857456173164,100.0,100.0
20.08.2024,233,0.0,7.898329285305755,[],3.0257622550000005,7.679246352694246,0.3588002199691688,0.0,0.3074709168657026,0.6078544162473195,0.999405636746441,0.0,0.0,0.3074709168657026,0.0,-0.7076889496525879,0.2988041045779388,60.30340606108966,100.0
21.08.2024,234,0.0,21.62395753099456,[],3.033805988,3.4322695370054435,0.3597540600023717,0.0,0.156999010560738,0.3197865947687264,0.9458244319323454,0.0,0.0,0.156999010560738,0.0,-0.5572170433476233,0.38281881493747183,26.405857777677866,100.0
22.08.2024,235,0.0,35.77495632028687,[],3.095904248,3.457953334713124,0.3671177810980672,0.0,0.326093025479877,0.4414200348262035,0.9381235985550391,0.0,0.0,0.326093025479877,0.0,-0.7263110582667622,0.4225785564218273,17.78353674548731,100.0
23.08.2024,236,0.0,38.76982138811206,[],3.142292807,3.5096873228879426,0.372618618166726,0.0,0.019056172602554357,0.16844559839448886,0.960218226673549,0.0,0.0,0.019056172602554357,0.0,-0.41927420538943966,0.4106107680947292,16.677137797247052,100.0
24.08.2024,237,0.0,36.402992050702714,[],3.3249021250000004,3.442831874297285,0.3942727528756078,0.0,0.14453081185626898,0.33406740367742294,0.9265675207756072,0.0,0.0,0.14453081185626898,0.0,-0.5447488446431543,0.33681289616756804,18.207986099478575,100.0
25.08.2024,238,0.0,6.144847945488528,[],3.2026464519999998,3.797025884511471,0.37977545974149174,0.0,0.0,0.0,0.9115030968819595,0.0,0.0,0.0,0.0,-0.4002180327868853,0.5112850640950742,56.94242052666023,100.0
26.08.2024,239,0.0,4.586723663282076,[],3.4611173710000003,3.483202936717925,0.41042539677457607,0.0,0.16677764071472176,0.3666290437624358,1.2137959518025219,0.0,0.0,0.16677764071472176,0.0,-0.5669956735016071,0.6137265159679223,61.94489798266839,100.0
27.08.2024,240,0.0,15.758095821964572,[],3.182380079,3.8740962460354296,0.37737223751926957,0.0,0.5166569656138837,0.4609931421890079,1.1161547075124933,0.0,0.0,0.5166569656138837,0.0,-0.916874998400769,0.7716004981504839,34.09953466047944,100.0
28.08.2024,241,0.0,36.62914794826377,[],3.3144567090000003,3.7183823047362288,0.3930341170401992,0.0,2.0315065601123203,0.508896931624211,1.1489927743286508,0.0,0.0,2.0315065601123203,0.0,-2.4317245928992057,2.271384370029875,17.712803136432154,100.0
29.08.2024,242,0.0,37.076057122298195,[],3.3615243809999997,3.718593609701797,0.39861548452508005,0.0,2.999640230741854,0.5330519626817954,1.2666109377221624,0.0,0.0,2.999640230741854,0.0,-3.3998582635287393,3.3329811729953347,17.485626212525887,100.0
30.08.2024,243,0.0,37.581839187268244,[],3.365073474,3.766864842731763,0.3990363422269656,0.0,3.6567273700072636,0.5855996430500418,1.1111000714483243,0.0,0.0,3.6567273700072636,0.0,-4.056945402794149,3.782009765618661,17.407632275670302,100.0
31.08.2024,244,0.0,32.65890667920647,[],3.7353679619999998,3.827334078793539,0.44294651511917466,0.0,0.8020774734921994,0.46374491192808887,1.2133052626722154,0.0,0.0,0.8020774734921994,0.0,-1.2022955062790848,1.1514197914494404,20.103912494156855,100.0
01.09.2024,245,0.0,30.646687634305255,[],3.4334729349999993,4.211129800694744,0.4071472708407447,0.0,0.22131559140970386,0.2692886282236371,1.0773800674935925,0.0,0.0,0.22131559140970386,0.0,-0.6215336241965892,0.6291889978927739,21.602167215010475,100.0
02.09.2024,246,0.0,25.847882865267326,[],3.5689509320000004,3.762950489732675,0.42321249045416814,0.0,2.5330133549283635,0.539283653018792,1.2825877728878157,0.0,0.0,2.5330133549283635,0.0,-2.933231387715249,2.876099442010502,23.122143092312907,100.0
03.09.2024,247,0.0,34.399939937816,[],3.5263735359999995,3.9955680171839942,0.4181635878097949,0.0,3.422548866264515,0.6129112684683224,1.7276087811878251,0.0,0.0,3.422548866264515,0.0,-3.8227668990514005,4.137028346197133,19.002640775132427,100.0
04.09.2024,248,0.0,27.20729908866616,[],3.593461649,3.947990789333838,0.42611901446697503,0.0,2.976091242842441,0.7247947824037503,1.3217305546299714,0.0,0.0,2.976091242842441,0.0,-3.3763092756293265,3.172808982281777,22.67302710651953,100.0
05.09.2024,249,0.0,33.62204407456109,[],3.4293057529999995,3.8430172164389083,0.40665311905608914,0.0,0.9091273374319359,0.4937900302892947,1.0029466501807482,0.0,0.0,0.9091273374319359,0.0,-1.3093453702188211,1.0180659245365042,19.33426292142392,100.0
06.09.2024,250,0.0,13.666906082706456,[],3.4610345440000003,3.8389785132935446,0.4104155750029645,0.0,0.5014983367949777,0.42890730594587423,1.0728597201517922,0.0,0.0,0.5014983367949777,0.0,-0.901716369581863,0.7452327182140105,37.05436675852113,100.0
07.09.2024,251,0.0,35.180633949999006,[],3.7443687750000003,3.95492981300099,0.4440138473852722,0.0,0.8064975763880661,0.422251123429224,1.2159840384641265,0.0,0.0,0.8064975763880661,0.0,-1.2067156091749514,1.200012458636083,19.458271776327205,100.0
08.09.2024,252,0.0,22.367562220404395,[],3.657018801,4.225904513595607,0.4336557335467805,0.0,0.20030557525068032,0.3544404919286324,1.1631036560879586,0.0,0.0,0.20030557525068032,0.0,-0.6005236080375655,0.6087507066231214,27.282837139767764,100.0
09.09.2024,253,0.0,8.385132353043144,[],3.6713292109999998,4.161353402956855,0.43535268718131154,0.0,0.7723410721763247,0.5101680902000802,1.125709910480235,0.0,0.0,0.7723410721763247,0.0,-1.17255910496321,0.9876648596695942,49.52467537486972,100.0
10.09.2024,254,0.0,17.2420228729184,[],3.59105839,3.9879321030815955,0.42583403177991225,0.0,0.10849394625291371,0.4038317742893352,1.0110515008100243,0.0,0.0,0.10849394625291371,0.0,-0.508711979039799,0.3154956399867177,32.118426469940694,100.0
11.09.2024,255,0.0,18.602752441969137,[],3.715114322,3.9598902730308616,0.4405448027985296,0.0,1.5010524768190834,0.4576894567302008,1.1627729408892915,0.0,0.0,1.5010524768190834,0.0,-1.9012705096059688,1.8059179281912887,30.15215812364664,100.0
12.09.2024,256,0.0,6.638033677696204,[],3.7111655189999992,4.273275390303796,0.4400765467805052,0.0,0.5735976697577916,0.4678176184203779,1.3517462816614123,0.0,0.0,0.5735976697577916,0.0,-0.9738157025446769,1.0573083002119406,55.778075093940906,100.0
13.09.2024,257,0.0,4.539988520712345,[],3.836034929,4.147399456287655,0.4548837814538124,0.0,0.35979695491467395,0.45402415150095077,1.1270670465254562,0.0,0.0,0.35979695491467395,0.0,-0.7600149877015592,0.6326218171522945,64.21596252471205,100.0
14.09.2024,258,0.18844816856448968,0.0,[],5.063348698435511,0.076247797,0.600420810913733,0.0,0.0,0.0,1.4487243380269157,0.05401864867419411,0.0,0.0,0.05401864867419411,-0.3461993841126912,0.9944876565658364,100.0,97.77599372899893
15.09.2024,259,0.7926793799999999,6.86804210070711,[],2.817324013,8.91966540529289,0.33408324593857464,0.0,0.0008594186525100003,0.3854756099545889,0.9138200530302032,0.2168525492078705,0.0,0.0008594186525100003,0.2168525492078705,-0.18422490223152477,-0.08786672026663145,65.55905887741848,89.79006081558485
16.09.2024,260,0.0,0.0,[],5.069221823000001,0.10373463799999999,0.6011172563737697,0.0,0.0,0.014566002929408,1.5459847684518864,0.0,0.0,0.0,0.0,-0.4002180327868853,1.1312007327355933,100.0,100.0
17.09.2024,261,0.7986285593024356,3.46517140670711,[],2.9813073126975644,8.91966540529289,0.3535286745757813,0.0,0.17400052150284168,0.5506872362760835,0.9360489592731351,0.2459713496992251,0.0,0.17400052150284168,0.2459713496992251,-0.32824720459050183,-0.08682713798621694,78.62605041716448,89.50170835771243
18.09.2024,262,0.0,31.37624266588852,[],3.5117579679999995,3.918070301111478,0.4164304480018973,0.0,1.2172476530968035,0.5788194032645041,1.0830112647553993,0.0,0.0,1.2172476530968035,0.0,-1.6174656858836887,1.3212214818008134,20.396711589393863,100.0
19.09.2024,263,0.0,33.561533088134716,[],3.523870467,3.93147900386528,0.41786676947705437,0.0,1.259806438985642,0.5659159061404027,1.0858033684979638,0.0,0.0,1.259806438985642,0.0,-1.6600244717725272,1.3794758685563178,19.37881305388376,100.0
20.09.2024,264,0.0,33.554838443530706,[],3.5361394600000002,3.9450647554692884,0.41932164828649354,0.0,0.9271818599811307,0.5158642540514697,1.0945791183291125,0.0,0.0,0.9271818599811307,0.0,-1.327399892768016,1.1056786914718884,19.436097687386773,100.0
21.09.2024,265,0.0,32.513369287836134,[],3.9664361919999997,4.00883961716386,0.4703469930036761,0.0,0.4331635384176437,0.3877596026942149,1.264220067218524,0.0,0.0,0.4331635384176437,0.0,-0.8333815712045289,0.9094059701550675,21.042936234898974,100.0
22.09.2024,266,0.0,28.305328905405045,[],3.5293181970000003,4.504595709594956,0.4185127709000356,0.0,0.4019912921038849,0.42572773869754693,1.1459388547065188,0.0,0.0,0.4019912921038849,0.0,-0.8022093248907702,0.7219843753259715,23.979263952637723,100.0
23.09.2024,267,0.0,25.914304415541785,[],3.682292149,3.8369041354582114,0.43665269168741844,0.0,2.3843796593441193,0.6907328258208876,1.3635577887843018,0.0,0.0,2.3843796593441193,0.0,-2.7845976921310047,2.6569865895206477,23.41455808493572,100.0
24.09.2024,268,0.0,24.65076427115671,[],3.710502103,4.217046095843289,0.4399978777422033,0.0,2.10445668703908,0.575211852748321,1.1087346058882799,0.0,0.0,2.10445668703908,0.0,-2.5046747198259656,2.237761407392154,25.195277463303956,100.0
25.09.2024,269,0.0,26.193879805884926,[],3.693558099,4.059413068115073,0.43798862789043047,0.0,1.0169765262361428,0.37202443921987083,1.1733994091704836,0.0,0.0,1.0169765262361428,0.0,-1.4171945590230282,1.4181334633998706,23.820027738608335,100.0
26.09.2024,270,0.0,0.0251246185920771,[],4.191809261,4.441171825407923,0.497072128661212,0.0,0.0008818992372004982,0.13797547820902842,1.1142683449554613,0.0,0.0,0.0008818992372004982,0.0,-0.4010999320240858,0.5769567331967481,99.69087148499072,100.0
27.09.2024,271,0.0,8.099043313453882,[],3.811445862,4.3864804705461165,0.4519679665599431,0.0,0.0,0.0670748589808128,0.8838109343026838,0.0,0.0,0.0,0.0,-0.4002180327868853,0.4165180425349857,51.081105522294635,100.0
28.09.2024,272,0.0,3.0090246707486275,[],4.466238572,4.426595122251372,0.5296144399383375,0.0,0.0004787812612578001,0.0167851280997936,1.2205327060831819,0.0,0.0,0.0004787812612578001,0.0,-0.40069681404814306,0.8040083264577608,74.52890364644398,100.0
29.09.2024,273,0.0,20.864802606230814,[],3.713723762,4.957398452769183,0.44037990774338914,0.0,0.17962816441346027,0.47221193539607265,1.0867522579935287,0.0,0.0,0.17962816441346027,0.0,-0.5798461972003456,0.3939504542240312,31.064680112767572,100.0
30.09.2024,274,0.0,9.891547443953527,[],3.9734702520000003,4.172523652046472,0.47118110423336895,0.0,0.07135218454449896,0.22580820350690414,0.9159677117569206,0.0,0.0,0.07135218454449896,0.0,-0.47157021733138427,0.3612936600076301,45.232816825275044,100.0
01.10.2024,275,0.0,14.20285497808445,[],4.074965887,4.42914470691555,0.48321663547966326,0.0,0.998392425032191,0.5182316827456785,1.2050963254732534,0.0,0.0,0.998392425032191,0.0,-1.3986104578190763,1.2850390349728804,37.037354762036436,100.0
02.10.2024,276,0.0,13.941700145535792,[],4.043569210999999,4.624571703464208,0.47949356231471596,0.0,1.3026245705144637,0.5564991794321221,1.2515302090749,0.0,0.0,1.3026245705144637,0.0,-1.7028426033013488,1.5974375673703567,38.18416461821826,100.0
03.10.2024,277,0.0,5.135560813373416,[],4.103905134,4.4644610356265835,0.48664830238349344,0.0,0.24113623184642402,0.33694720634928654,1.2375310165930433,0.0,0.0,0.24113623184642402,0.0,-0.6413542646333092,0.7415020093032955,62.12053772979262,100.0
04.10.2024,278,0.0,0.0,[],4.494873137,2.91539544,0.53300997711372,0.0,0.0,0.25178465643488196,1.435393076339129,0.0,0.0,0.0,0.0,-0.4002180327868853,0.7833903871173616,100.0,100.0
05.10.2024,279,0.0,6.0551223491586335,[],4.705809947,6.802768588841367,0.5580232357405431,0.0,0.270398850849619,0.4625060345027572,1.4714196578001915,0.0,0.0,0.270398850849619,0.0,-0.6706168836365043,0.8790944413601679,64.86440313678175,100.0
06.10.2024,280,0.0,22.883244038944106,[],4.02968194,5.296379048055892,0.4778467852484287,0.0,0.24308542364410538,0.40072919748521235,1.1128034495330774,0.0,0.0,0.24308542364410538,0.0,-0.6433034564309906,0.5549416429050854,29.652383733009437,100.0
07.10.2024,281,0.0,19.81045317076345,[],4.168505868,4.428892272236551,0.4943087712557809,0.0,1.2607246247900923,0.49818508477657286,1.362298109660467,0.0,0.0,1.2607246247900923,0.0,-1.6609426575769777,1.724619616887101,29.892927767317357,100.0
08.10.2024,282,0.0,9.666929610008278,[],4.419770499999999,4.658273879991722,0.5241041740780268,0.0,0.8292535922728773,0.5070106156034957,1.3862738892649697,8.21574197562569e-18,0.0,0.8292535922728773,8.21574197562569e-18,-1.2294716250597626,1.3082988331474663,46.66197925537214,100.0
09.10.2024,283,0.0,26.00273567201318,[],4.213319477,4.946824635986822,0.4996228479781809,0.0,1.8285752324527709,0.5753479829262967,1.286890818547581,0.0,0.0,1.8285752324527709,0.0,-2.228793265239656,2.1399000352871695,25.678490526510146,100.0
10.10.2024,284,0.0,0.0,[],4.701942876,3.2648643749999997,0.5575646716471007,0.0,0.0,0.0959711109223068,1.363042528049804,0.0,0.0,0.0,0.0,-0.4002180327868853,0.8668533843406118,100.0,100.0
11.10.2024,285,0.0,15.82033678462423,[],4.305956017,6.750999569375768,0.5106078521285426,0.0,1.0946569277250726,0.8735080128904389,1.3965208445034896,0.0,0.0,1.0946569277250726,0.0,-1.4948749605119578,1.217451726551238,40.48224993974325,100.0
12.10.2024,286,0.0,20.772035377143762,[],4.872177408000001,4.840666699856241,0.5777513824261828,0.0,0.5464082312218651,0.3258384812982767,1.2737154067564478,0.0,0.0,0.5464082312218651,0.0,-0.9466262640087504,1.0940671238931508,30.928529465218123,100.0
13.10.2024,287,0.0,0.0,[],4.240255896,3.6267493350000004,0.5028170160085379,0.0,0.0,0.0,0.9606172627866806,0.0,0.0,0.0,0.0,-0.4002180327868853,0.5603992299997953,100.0,100.0
14.10.2024,288,0.0,5.723960708834588,[],4.4942609739999995,6.561795864165411,0.5329373857464721,0.0,0.5384282568663834,0.8713488214106525,1.5738972970025338,0.0,0.0,0.5384282568663834,0.0,-0.9386462896532687,0.8407586996713788,64.67986337501175,100.0
15.10.2024,289,0.0,0.0,[],4.729896161999999,4.827101526,0.5608794215581644,0.0,0.0,0.4287908455979768,1.3947732121136445,0.0,0.0,0.0,0.0,-0.4002180327868853,0.5657643337287825,100.0,100.0
16.10.2024,290,0.0,22.925864122965045,[],4.4015055940000005,5.500751986034956,0.5219382893394997,0.0,0.24346618988378974,0.3555382097146204,1.1026473557525256,0.0,0.0,0.24346618988378974,0.0,-0.643684222670675,0.5903573031348096,29.47300501992774,100.0
17.10.2024,291,0.0,23.032569497320054,[],4.419020786,4.928382426679946,0.524015271670817,0.0,1.273045784673306,0.4413188415072232,1.3692108375553087,0.0,0.0,1.273045784673306,0.0,-1.6732638174601915,1.8007197479345058,28.151381210710102,100.0
18.10.2024,292,0.0,4.653085109172394,[],4.496467037000001,5.014946288827606,0.533198984584371,0.0,0.4089150387077963,0.5528247457258922,1.4485019751550798,0.0,0.0,0.4089150387077963,0.0,-0.8091330714946816,0.9043742353500986,66.08696157798624,100.0
19.10.2024,293,0.0,1.820968434715938,[],5.514396324000002,4.996745558284063,0.6539068331554606,0.0,0.12128849762582329,0.4299142309294189,1.6831678746139271,0.0,0.0,0.12128849762582329,0.0,-0.5215065304127086,0.9743241085234465,83.29177419320347,100.0
20.10.2024,294,0.0,11.983340887088012,[],4.359731811,6.238335153911988,0.5169846805407329,0.0,0.0,0.12411186730695341,1.0327464579731345,0.0,0.0,0.0,0.0,-0.4002180327868853,0.5084165578792961,47.24709694321314,100.0
21.10.2024,295,0.0,22.26964779863408,[],4.489944294,4.787854504365921,0.5324255062255425,0.0,1.9778433259695563,0.5847535982928695,1.4325066659474284,0.0,0.0,1.9778433259695563,0.0,-2.3780613587564416,2.4253783608372297,28.667214084487487,100.0
22.10.2024,296,0.0,3.9515230555664336,[],4.820193026,5.139147321433566,0.5715869828056445,0.0,0.3113187708757268,0.5403719190818608,1.5502790756202731,0.0,0.0,0.3113187708757268,0.0,-0.7115368036626121,0.9210078946272541,69.50240938924695,100.0
23.10.2024,297,2.6573390121519243,0.0,[],4.2186425378480745,0.0,0.5002540659134443,0.0,0.0,0.0,1.4381604440304105,0.8616695073667783,0.0,0.0,0.8616695073667783,0.461451474579893,0.17627290387674688,100.0,69.52956946600439
24.10.2024,298,1.125101006,0.37361807170710865,[],3.622460358,8.919665405292891,0.42955773247954465,0.0,0.038812566143149575,0.9001074531140036,1.1447817112260013,0.3435812589382606,0.0,0.038812566143149575,0.3435812589382606,-0.0954493399917743,-0.460312467469999,97.19117435408498,87.15029911070363
25.10.2024,299,0.0,14.444648553373518,[],4.7234454260000005,5.256661393626481,0.5601144819162812,0.0,1.3259697261402688,0.7014035034333237,1.642144241241941,0.0,0.0,1.3259697261402688,0.0,-1.726187758927154,1.8664924311620013,39.22815337563135,100.0
26.10.2024,300,0.0,17.65110320990443,[],5.350737258,5.20832686509557,0.6344998527214516,0.0,1.370495684252971,0.6584788374166384,1.7092883348194199,0.0,0.0,1.370495684252971,0.0,-1.7707137170398561,2.021087148868867,35.521784142599394,100.0
27.10.2024,301,0.0,17.221670128415038,[],4.608262636999999,6.057186806584962,0.546455903830191,0.0,0.8426483692682064,0.536261420068237,1.5202105492982,0.0,0.0,0.8426483692682064,0.0,-1.2428664020550917,1.4263794657112845,37.995558949003964,100.0
28.10.2024,302,0.0,14.056829032988226,[],4.8541598189999995,5.1981803760117735,0.5756148249733192,0.0,1.5146909290463664,0.6686880181717124,1.6325356475823054,0.0,0.0,1.5146909290463664,0.0,-1.9149089618332518,2.0783205256700743,39.662726535117834,100.0
29.10.2024,303,0.0,14.983082386990374,[],4.9452639000000005,5.489943549009626,0.5864181074350765,0.0,1.9035118474700023,0.8440119033481339,1.9118051647691996,0.0,0.0,1.9035118474700023,0.0,-2.3037298802568875,2.571087076104182,38.74291294564253,100.0
30.10.2024,304,0.0,6.069354529514654,[],4.9986596080000005,5.463207654485345,0.5927498645796277,0.0,0.7320621967495807,0.7990106517192955,1.7861552013400215,0.0,0.0,0.7320621967495807,0.0,-1.132280229536466,1.3189887135834213,60.84517444765106,100.0
31.10.2024,305,0.0,4.809009802858607,[],5.101397629000001,5.7561417131413934,0.6049327201470414,0.0,0.4862237165274409,0.7415984522203063,1.6254786831782844,0.0,0.0,0.4862237165274409,0.0,-0.8864417493143262,0.9698859146985338,66.75706490440908,100.0
01.11.2024,306,0.0,18.51697276424632,[],4.891969968000001,5.479653584753682,0.5800984190679472,0.0,0.7532435444489998,0.3733254711238205,1.5275750539608988,0.0,0.0,0.7532435444489998,0.0,-1.153461577235885,1.5072750944991928,33.088186951508305,100.0
02.11.2024,307,0.0,0.0,[],5.76197328,4.2271920099999996,0.6832649448594806,0.0,0.0,0.438141161448624,1.9624675100407518,0.0,0.0,0.0,0.0,-0.4002180327868853,1.1241083158052425,100.0,100.0
03.11.2024,308,0.0,2.0753966431193063,[],4.913488257,7.739009957880694,0.582650095695482,0.0,0.13637241218726825,0.5518922582568782,1.5859245097661048,0.0,0.0,0.13637241218726825,0.0,-0.5365904449741535,0.7701866309096098,85.14964126129645,100.0
04.11.2024,309,0.0,16.824022270407042,[],4.988024598,5.4579806075929564,0.5914887463536108,0.0,1.8103306318958734,0.8155401136545053,1.8636082914325491,0.0,0.0,1.8103306318958734,0.0,-2.210548664682759,2.4581807768870325,35.20368774517656,100.0
05.11.2024,310,0.0,13.352621797628114,[],5.059538078,5.596988858371883,0.5999689408277008,0.0,1.4749555070609919,0.8546674814233257,2.421576335760238,0.0,0.0,1.4749555070609919,0.0,-1.8751735398478773,2.6416463286110186,40.90311612593258,100.0
06.11.2024,311,0.0,13.051421747342765,[],5.15058816,5.692463155657236,0.610765819992885,0.0,1.8778709538665352,1.5069284801912823,3.094572249456431,0.0,0.0,1.8778709538665352,0.0,-2.2780889866534206,3.0652966903447987,41.55625574489907,100.0
07.11.2024,312,0.0,0.0,[],5.334944918000001,4.417690969,0.6326271692161746,0.0,0.0,0.7274633756474431,2.187353108065483,2.115068675756504e-17,0.0,0.0,2.115068675756504e-17,-0.4002180327868853,1.059671699631155,100.0,100.0
08.11.2024,313,0.0,2.3615845168781218,[],5.258809672,7.427186803121878,0.6235989175856754,0.0,0.2792990007974684,0.934662347332158,1.7478135118551525,0.0,0.0,0.2792990007974684,0.0,-0.6795170335843537,0.6922321325335773,82.29182226439075,100.0
09.11.2024,314,0.0,12.431926987925841,[],5.947113334,5.771336333074158,0.7052191787027156,0.0,1.4811537967072457,0.7193298478794297,2.04607742269256,0.0,0.0,1.4811537967072457,0.0,-1.8813718294941308,2.40768333873349,44.10002329881797,100.0
10.11.2024,315,0.0,3.3766084585607126,[],5.169856055,6.678660308439288,0.6130506409344243,0.0,0.4091043396445199,0.8051037729738512,1.7628103689647507,0.0,0.0,0.4091043396445199,0.0,-0.8093223724314051,0.9665929028485342,76.23663595865631,100.0
11.11.2024,316,0.0,9.973744497651174,[],5.387835409,5.879470840348828,0.6388990168386103,0.0,1.3767364615846323,0.86265553816696,1.8445200749670592,0.0,0.0,1.3767364615846323,0.0,-1.7769544943715174,1.9583829655978469,48.518079166774,100.0
12.11.2024,317,0.0,2.3837330265844416,[],5.440206374,6.060678010415558,0.6451092581524961,0.0,0.4301962009552562,1.265045556459184,2.184066382538047,0.0,0.0,0.4301962009552562,0.0,-0.8304142337421414,0.9489989942472338,80.04575249105667,100.0
13.11.2024,318,0.14435909497392027,0.0,[],5.78693783702608,2.2593747310000003,0.6862252860223028,0.0,0.0,0.5336014226974329,2.107831966624365,0.04627817671763544,0.0,0.0,0.04627817671763544,-0.3539398560692498,1.1277343344224109,100.0,98.39165409202677
14.11.2024,319,1.248606114,4.962106862707109,[],4.30347044,8.919665405292891,0.5103131080279852,0.0,0.6818401283728808,1.2366202854469894,1.55366373720329,0.3872543936349599,0.0,0.6818401283728808,0.3872543936349599,-0.6948037675248061,0.2114111537073362,71.3820003893372,86.14109790131018
15.11.2024,320,0.0,0.0,[],5.627090692,3.85787067,0.6672703298944621,0.0,0.0,0.5730653064371136,1.905010404917933,0.0,0.0,0.0,0.0,-0.4002180327868853,0.9317270656939342,100.0,100.0
16.11.2024,321,0.0,7.952326636607273,[],6.1985951990000006,8.558644082392728,0.7350403413968931,0.0,0.8444979643617546,0.9911253737714448,1.9047438767957938,0.0,0.0,0.8444979643617546,0.0,-1.24471599714864,1.357898434599218,61.327327792254025,100.0
17.11.2024,322,0.0,13.509997210718552,[],5.3750353230000005,6.948954866281445,0.6373811600853787,0.0,0.8752358551954538,0.4537275431256487,1.4799283915396786,0.0,0.0,0.8752358551954538,0.0,-1.275453887982339,1.5012186708225985,45.20650191259347,100.0
18.11.2024,323,0.0,5.182199891703862,[],5.747440890999999,6.112613729296139,0.6815416685639748,0.0,0.560719913138355,0.8189181479087082,1.939140467314154,0.0,0.0,0.560719913138355,0.0,-0.9609379459252403,1.2807241997569156,64.7261087196877,100.0
19.11.2024,324,0.0,0.0,[],5.806810058999999,5.342438916000001,0.6885817691213091,0.0,0.0,0.9086016953281632,1.9405678124208523,0.0,0.0,0.0,0.0,-0.4002180327868853,0.6317480843058038,100.0,100.0
20.11.2024,325,0.0,0.835182840658609,[],5.620820805,7.59703615434139,0.6665268356456776,0.0,0.09127491555693537,0.9302350431604379,1.9143075552386843,0.0,0.0,0.09127491555693537,0.0,-0.4914929483438206,0.6751293948482965,93.05293874957776,100.0
21.11.2024,326,0.0,2.1051780364718766,[],6.077548801000001,6.596788897528124,0.7206864462231708,0.0,0.2674381710902739,0.9516248712018356,2.1485526586210866,0.0,0.0,0.2674381710902739,0.0,-0.6676562038771592,1.0641479257226396,82.26224103242181,100.0
22.11.2024,327,0.0,16.314218509747466,[],5.665872589999999,6.501079874252535,0.6718691556978538,0.0,2.2420710404638635,1.0192205196895936,1.8462270803096714,0.0,0.0,2.2420710404638635,0.0,-2.642289073250749,2.6688595682970564,38.265573827807245,100.0
23.11.2024,328,0.0,7.671014378020582,[],6.39052256,6.253562079979417,0.7577994260642712,0.0,0.6010406855345976,0.5726483420742796,1.791867352017332,0.0,0.0,0.6010406855345976,0.0,-1.0012587183214827,1.4200416626907644,57.49701665730307,100.0
24.11.2024,329,0.0,2.5566502660771824,[],5.540343565000001,7.176985537922818,0.6569837027155224,0.0,0.0,0.0,1.1214824288264134,0.0,0.0,0.0,0.0,-0.4002180327868853,0.7212643960395281,81.75094995096848,100.0
25.11.2024,330,0.0,13.852843955879557,[],5.721402026,6.271127308120445,0.6784539340685403,0.0,0.6087300496043277,0.4728180319007763,1.6367455978860632,0.0,0.0,0.6087300496043277,0.0,-1.0089480823912131,1.3724395828027292,41.74115024351771,100.0
26.11.2024,331,0.0,4.869059356211082,[],6.046023240000001,6.7468394157889175,0.7169480896478122,0.0,0.5123475230515316,0.8913357689576459,2.0755707854648313,1.9399482020787673e-17,0.0,0.5123475230515316,1.9399482020787673e-17,-0.9125655558384168,1.2963645067718312,67.49177821337135,100.0
27.11.2024,332,0.0,1.2060333623163655,[],5.9815840620000005,6.674835966683634,0.7093067783706866,0.0,0.1906097478152169,1.1892535451828103,1.8848089152451772,0.0,0.0,0.1906097478152169,0.0,-0.5908277806021022,0.4859470850906986,89.36451031519387,100.0
28.11.2024,333,3.811370584151926,0.0,[],3.525121728848074,0.0,0.4180151463118788,0.0,0.0,0.0,1.0326427509537146,1.3809030014315478,0.0,0.0,1.3809030014315478,0.9806849686446625,-0.7484782832647183,100.0,59.76430510477893
29.11.2024,334,1.6635867629999999,0.0,[],4.478008671,6.474835474,0.5310101590181431,0.0,0.0,0.9986022959248935,1.5612823189672336,0.5758992157570912,0.0,0.0,0.5758992157570912,0.17568118297020596,-0.41343722550163675,100.0,82.49705843240291
30.11.2024,335,0.0,10.67343349406182,[],6.549584802999999,8.84626890293818,0.7766613071267638,0.0,0.9972583870784919,0.9242360840672764,2.203455698240779,0.0,0.0,0.9972583870784919,0.0,-1.3974764198653773,1.8762599684651087,55.040192542987256,100.0
01.12.2024,336,0.0,8.021129493292127,[],5.673877062999999,7.355305343707871,0.6728183402110756,0.0,0.7178161459022665,0.7440815035275478,1.7834702078881972,0.0,0.0,0.7178161459022665,0.0,-1.1180341786891517,1.3569868174760304,59.39826913615682,100.0
02.12.2024,337,0.0,0.0,[],6.081765092,5.405296311000001,0.7211864214395826,0.0,0.0,0.7152873387595464,2.0273914837869875,0.0,0.0,0.0,0.0,-0.4002180327868853,0.9118861122405558,100.0,100.0
03.12.2024,338,0.0,0.29876434087559467,[],6.3125384989999995,8.216150249124405,0.7485519386932291,0.0,0.04764332203431528,1.3194198353173654,2.423235137340343,0.0,0.0,0.04764332203431528,0.0,-0.44786135482120054,0.7512405912704075,97.47514496444855,100.0
04.12.2024,339,1.5005767379182084,0.0,[],5.021288083081792,1.870596333,0.5954331890290278,0.0,0.0,0.5654219132791161,2.159963015782909,0.5355452808086968,0.0,0.0,0.5355452808086968,0.1353272480218115,0.658777788908211,100.0,84.46844626209369
05.12.2024,340,1.515139892,8.641134161707111,[],4.566361512,8.91966540529289,0.5414871945926716,0.0,0.9917143239293406,1.3132900730051216,1.393314052988396,0.5048302719856593,0.0,0.9917143239293406,0.5048302719856593,-0.8871020847305666,0.16668999914007065,59.18494894934042,84.36733724640877
06.12.2024,341,0.0,0.0,[],6.4905600439999995,6.159788192000001,0.7696620471955413,0.0,0.0,0.6875238306731448,2.0690691834819717,0.0,0.0,0.0,0.0,-0.4002180327868853,0.9813273200219418,100.0,100.0
07.12.2024,342,2.450713656233808,0.0,[],5.017695718766191,2.9040194209999997,0.595007200138289,0.0,0.0,0.1816689955960212,1.451945293518991,0.7103665188267667,0.0,0.0,0.7103665188267667,0.31014848603988143,0.15969174630931793,100.0,77.74926323652579
08.12.2024,343,5.714751325812865,0.0,[],1.5316204861871354,1.7134999370000001,0.18162225615879704,0.0,0.0,0.19564838249290922,0.5079746435057615,1.7584381111789045,0.0,0.0,1.7584381111789045,1.3582200783920193,-1.8463298829529373,100.0,44.400900161093176
09.12.2024,344,4.57168836483626,0.0,[],2.2415362621637396,2.5077179879999996,0.26580531983442895,0.0,0.0,0.3564122991070325,0.7549810544555203,1.4038448307380702,0.0,0.0,1.4038448307380702,1.0036267979511848,-1.4054941081764678,100.0,53.407804347688426
10.12.2024,345,5.74241083897364,0.0,[],1.0194261030263596,1.1404826319999999,0.12088534365307241,0.0,0.0,0.23846594099251597,0.43446772240171094,2.1258336182473037,0.0,0.0,2.1258336182473037,1.7256155854604183,-2.330049869624994,100.0,41.65050112885754
11.12.2024,346,6.146152431931616,0.0,[],0.8323029710683847,0.9311386869999999,0.09869595293114962,0.0,0.0,0.40552019651406884,0.5380136724480975,3.036872373231827,0.0,0.0,3.036872373231827,2.6366543404449416,-3.3045969300846836,100.0,37.7312608838582
12.12.2024,347,3.0361620647373506,0.0,[],3.491676003262649,3.90631143,0.4140490932364104,0.0,0.0,2.315602503459936,3.2377640548112594,1.3182571797725606,0.0,0.0,1.3182571797725606,0.9180391469856753,-0.796313661208123,100.0,69.32860916904045
13.12.2024,348,1.7729773569999998,0.0,[],4.713923692,6.707019762,0.5589853779200759,0.0,0.0,1.4885521381904547,2.064194939744115,0.6460788138671135,0.0,0.0,0.6460788138671135,0.24586078108022824,-0.47065404510033826,100.0,82.14040016779796
14.12.2024,349,5.810154751629482,0.0,[],2.313431691370518,1.154831862,0.27433080651850095,0.0,0.0,0.15183297931481018,0.7285216112730936,1.7845954949032468,0.0,0.0,1.7845954949032468,1.3843774621163614,-1.6081248957318488,100.0,48.32132497617191
15.12.2024,350,1.5005046672812554,0.0,[],4.876667399718745,5.455770119000001,0.5782838135561181,0.0,0.0,0.35548284204310965,1.1015079524569125,0.39958771339718024,0.0,0.0,0.39958771339718024,-0.0006303193897050363,-0.053780635770262764,100.0,85.69443760806969
16.12.2024,351,5.893562652318339,0.0,[],1.30548549968166,1.4605114920000002,0.15480677098086804,0.0,0.0,0.12559691273266183,0.3759779760184295,1.461557590834666,0.0,0.0,1.461557590834666,1.0613395580477807,-1.6113945603357838,100.0,41.12386275015977
17.12.2024,352,4.293000161220555,0.0,[],2.308559718779445,2.582700459,0.2737530794236268,0.0,0.0,0.3034703937018256,0.7748531856569313,1.2327690758446879,0.0,0.0,1.2327690758446879,0.8325510430578026,-1.1616043166764676,100.0,57.22808661749005
18.12.2024,353,1.8013140619999999,4.60367748070711,[],4.996484087000001,8.919665405292891,0.5924918874659078,0.0,0.29951844018829876,0.6498497474227928,1.288049400468897,0.4580799199512352,0.0,0.29951844018829876,0.4580799199512352,-0.24165655302394887,0.07942014049628221,72.5791580026791,82.10039166788842
19.12.2024,354,3.6498479277513387,0.0,[],3.6672481662486622,0.7728823269999999,0.4348687497033869,0.0,0.0,0.054238511630037,0.9072456363243975,1.0450884868619608,0.0,0.0,1.0450884868619608,0.6448704540750755,-0.5922993949544855,100.0,63.82525619912861
20.12.2024,355,3.3543161741747856,0.0,[],3.623146165825214,4.053393633000001,0.42963905677993763,0.0,0.0,0.4160579721810495,1.125890668261489,0.908753243713621,0.0,0.0,0.908753243713621,0.5085352109267357,-0.5991385804200666,100.0,66.83867047076352
21.12.2024,356,1.508203771,0.5507867627071095,[],6.033417942,8.91966540529289,0.7154533311988617,0.0,0.014383959280334608,0.22656091314959248,1.3103072236357223,0.3313037441903612,0.0,0.014383959280334608,0.3313037441903612,-0.08329824787685874,0.36660849278921803,95.88372961357328,86.8300921694149
22.12.2024,357,4.3186061144533205,0.0,[],2.98665150554668,1.1715344509999999,0.35416239838096525,0.0,0.0,0.019256978313661098,0.6304678203150947,1.073714930863325,0.0,0.0,1.073714930863325,0.6734968980764396,-0.8627221216487767,100.0,59.565480815089366
23.12.2024,358,1.820658906,0.0,[],5.143861086,5.759993841,0.60996811170402,0.0,0.0,0.3362353241800112,1.5704243177712998,0.406695677624914,0.0,0.0,0.406695677624914,0.006477644838028707,0.4272752831794894,100.0,82.13201453735954
24.12.2024,359,1.858921166252947,0.0,[],4.882479675747054,6.131877875999999,0.5789730434895118,0.0,0.0,0.8015926958420867,1.5664372539747162,0.5523065408762369,0.0,0.0,0.5523065408762369,0.1520885080893516,-0.1876800155304927,100.0,81.7991662425373
25.12.2024,360,1.176142153148021,8.902636209707111,[],5.426237448851979,8.91966540529289,0.6434527983934518,0.0,0.8969333639850122,0.9146160944157109,1.7802173421840166,0.3427122761260614,0.0,0.8969333639850122,0.3427122761260614,-0.9544391206458362,1.0196043028403716,58.50885982063766,88.51063987429733
26.12.2024,361,0.0,11.269324291199455,[],6.617639166,7.391398066800545,0.7847313134115973,0.0,1.336307796467312,0.9621280693291152,2.236353110029466,0.0,0.0,1.336307796467312,0.0,-1.7365258292541972,2.2103148043807774,49.47126408892363,100.0
27.12.2024,362,0.0,10.258247062187808,[],6.662120652999999,7.44142332481219,0.7900060065219969,0.0,1.25136011364491,1.06615657592706,2.330987811538598,0.0,0.0,1.25136011364491,0.0,-1.6515781464317953,2.115973316469563,51.88371364824158,100.0
28.12.2024,363,0.0,10.301293543934678,[],7.268365887000001,7.111812182065322,0.861895634649591,0.0,1.2966107508879903,1.0069571923988385,2.5486489590049954,0.0,0.0,1.2966107508879903,0.0,-1.6968287836748757,2.4380844847072614,52.706232838289026,100.0
29.12.2024,364,0.0,9.368217352659759,[],6.161461534,8.014256925340241,0.7306369659670343,0.0,1.033228955834525,0.9794712675743327,1.9870258508618388,0.0,0.0,1.033228955834525,0.0,-1.43344698862141,1.6405655063351459,57.55214075158271,100.0
30.12.2024,365,0.0,9.622067463270222,[],6.703378260999999,7.3641163477297775,0.7948984063796988,0.0,0.833231215327146,0.6792704625885431,1.9357031644393001,0.0,0.0,0.833231215327146,0.0,-1.2334492481140313,1.6894458843910178,53.35691598719148,100.0
31.12.2024,366,0.0,11.468772791626835,[],6.682147871000001,7.464939859373166,0.792380869322898,0.0,0.9910188319384409,0.647808455589172,1.7280505755502407,0.0,0.0,0.9910188319384409,0.0,-1.3912368647253261,1.6710429191126246,49.294098843963496,100.0
